Time,Day_of_week,Age_band_of_driver,Sex_of_driver,Educational_level,Vehicle_driver_relation,Driving_experience,Type_of_vehicle,Owner_of_vehicle,Service_year_of_vehicle,Defect_of_vehicle,Area_accident_occured,Lanes_or_Medians,Road_allignment,Types_of_Junction,Road_surface_type,Road_surface_conditions,Light_conditions,Weather_conditions,Type_of_collision,Number_of_vehicles_involved,Number_of_casualties,Vehicle_movement,Casualty_severity,Cause_of_accident,Accident_severity,Number_of_vehicles_involved_log,Number_of_casualties_log
8:42:00,Saturday,Lansia,Male,Junior high school,Employee,2-5yr,Private Vehicle,Owner,Above 10yr,No defect,Office areas,Other,Gentle horizontal curve,No junction,Asphalt roads,Dry,Daylight,Normal,Vehicle with vehicle collision,2,1,Going straight,3,Distance & Priority Violation,Slight Injury,1.0986122886681096,0.6931471805599453
8:42:00,Saturday,Dewasa,Male,Elementary school,Employee,Above 10yr,Other,Owner,5-10yrs,No defect,Other,Divided Road (Median),Gentle horizontal curve,No junction,Asphalt roads,Dry,Daylight,Normal,Vehicle with vehicle collision,2,1,Moving Backward,3,Reckless Driving,Slight Injury,1.0986122886681096,0.6931471805599453
14:52:00,Saturday,Lansia,Male,Junior high school,Employee,2-5yr,Public Transport,Owner,,,Other,Other,Tangent road with flat terrain,Crossing,Asphalt roads,Dry,Daylight,Normal,Vehicle with vehicle collision,2,1,Going straight,2,Moving Backward,Slight Injury,1.0986122886681096,0.6931471805599453
14:52:00,Saturday,Dewasa,Male,Elementary school,Employee,Above 10yr,Private Vehicle,Owner,5-10yrs,No defect, Church areas,Other,Tangent road with mountainous terrain and,Crossing,Asphalt roads,Dry,Daylight,Normal,Vehicle with vehicle collision,2,1,Going straight,3,Distance & Priority Violation,Slight Injury,1.0986122886681096,0.6931471805599453
1:50:00,Sunday,Dewasa,Male,Junior high school,Employee,Above 10yr,Private Vehicle,Owner,1-2yr,,School areas,Other,Tangent road with flat terrain,Y Shape,Asphalt roads,Dry,Darkness - lights lit,Normal,Vehicle with vehicle collision,2,1,Going straight,3,Distance & Priority Violation,Slight Injury,1.0986122886681096,0.6931471805599453
1:50:00,Sunday,Unknwon,Male,Junior high school,Employee,2-5yr,Private Vehicle,,,, Church areas,Other,Tangent road with flat terrain,Y Shape,Asphalt roads,Dry,Darkness - lights lit,Normal,Vehicle with vehicle collision,2,1,Going straight,3,Distance & Priority Violation,Slight Injury,1.0986122886681096,0.6931471805599453
23:45:00,Saturday,Dewasa,Male,Junior high school,Employee,Above 10yr,Private Vehicle,Owner,Above 10yr,,Office areas,Other,Tangent road with flat terrain,No junction,Asphalt roads with some distress,Dry,Darkness - lights lit,Normal,Vehicle with vehicle collision,2,1,Going straight,3,Unsafe Lane Change,Slight Injury,1.0986122886681096,0.6931471805599453
23:45:00,Saturday,Dewasa,Male,Junior high school,Employee,Above 10yr,Private Vehicle,Owner,2-5yrs,No defect,Other,Other,Tangent road with flat terrain,No junction,Asphalt roads,Dry,Darkness - lights lit,Normal,Collision with roadside objects,2,1,Going straight,3,Unsafe Lane Change,Slight Injury,1.0986122886681096,0.6931471805599453
12:15:00,Sunday,Lansia,Male,Junior high school,Employee,Below 1yr,,Owner,Above 10yr,, Church areas,Other,Steep grade upward with mountainous terrain,Y Shape,Asphalt roads,Dry,Daylight,Normal,Vehicle with vehicle collision,2,2,Going straight,3,Moving Backward,Slight Injury,1.0986122886681096,1.0986122886681096
12:15:00,Sunday,Unknwon,Male,Junior high school,Owner,Above 10yr,,Governmental,1-2yr,No defect,Other,Divided Road (Median),Tangent road with flat terrain,Y Shape,Asphalt roads,Dry,Daylight,Normal,Vehicle with vehicle collision,2,2,Going straight,2,Unsafe Lane Change,Slight Injury,1.0986122886681096,1.0986122886681096
19:15:00,Sunday,Unknwon,Male,High school,Other,Above 10yr,Commercial Vehicle,Governmental,Above 10yr,,Other,Divided Road (Median),Tangent road with flat terrain,Crossing,Asphalt roads,Dry,Darkness - lights lit,Normal,Vehicle with vehicle collision,1,1,Going straight,3,Distance & Priority Violation,Slight Injury,0.6931471805599453,0.6931471805599453
21:33:00,Friday,Unknwon,Female,Junior high school,Employee,5-10yr,Special Vehicle,Organization,5-10yrs,No defect,Office areas,Other,Gentle horizontal curve,Crossing,Asphalt roads,Dry,Darkness - lights lit,Normal,Vehicle with vehicle collision,2,1,Going straight,3,Moving Backward,Slight Injury,1.0986122886681096,0.6931471805599453
21:33:00,Friday,Dewasa,Male,Elementary school,,,Commercial Vehicle,Organization,Above 10yr,No defect,Other,Other,Tangent road with flat terrain,Crossing,Asphalt roads,Dry,Darkness - lights lit,Normal,Rollover,2,1,Going straight,3,Reckless Driving,Slight Injury,1.0986122886681096,0.6931471805599453
17:25:00,Monday,Dewasa,Male,Junior high school,Employee,5-10yr,Other,Owner,2-5yrs,No defect,Other,Other,Tangent road with flat terrain,Crossing,Asphalt roads,Dry,Daylight,Normal,Vehicle with vehicle collision,1,1,Going straight,3,Reckless Driving,Slight Injury,0.6931471805599453,0.6931471805599453
22:40:00,Monday,Dewasa,Male,Junior high school,Employee,5-10yr,Private Vehicle,Governmental,,No defect,Residential areas,Other,Tangent road with flat terrain,No junction,Asphalt roads,Wet or damp,Darkness - lights lit,Other,Vehicle with vehicle collision,1,1,Other,3,DUI (Drugs/Alcohol),Slight Injury,0.6931471805599453,0.6931471805599453
17:15:00,Saturday,Dewasa,Male,Junior high school,Owner,Below 1yr,Commercial Vehicle,Owner,2-5yrs,No defect,Office areas,Other,Tangent road with flat terrain,Crossing,Asphalt roads,Dry,Daylight,Normal,Collision with roadside objects,2,1,Going straight,3,Distance & Priority Violation,Slight Injury,1.0986122886681096,0.6931471805599453
17:15:00,Saturday,Unknwon,Male,Junior high school,Employee,5-10yr,Commercial Vehicle,Owner,2-5yrs,No defect, Church areas,One Way,Tangent road with flat terrain,Crossing,Asphalt roads,Dry,Daylight,Normal,Vehicle with vehicle collision,2,1,Going straight,3,Distance & Priority Violation,Slight Injury,1.0986122886681096,0.6931471805599453
12:04:00,Tuesday,Dewasa,Male,Elementary school,Employee,2-5yr,Commercial Vehicle,Owner,1-2yr,No defect,,Other,Tangent road with flat terrain,No junction,Asphalt roads,Dry,Daylight,Normal,Vehicle with vehicle collision,1,1,Going straight,3,Reckless Driving,Slight Injury,0.6931471805599453,0.6931471805599453
17:13:00,Tuesday,Dewasa,Male,Junior high school,Owner,2-5yr,Private Vehicle,Owner,Above 10yr,,  Market areas,Other,Steep grade downward with mountainous terrain,Y Shape,Asphalt roads,Wet or damp,Daylight,Raining,Vehicle with vehicle collision,1,2,Going straight,3,Moving Backward,Slight Injury,0.6931471805599453,1.0986122886681096
17:13:00,Tuesday,Dewasa,Male,Elementary school,Employee,2-5yr,Private Vehicle,Owner,Above 10yr,,Other,Other,Tangent road with mountainous terrain and,Y Shape,Asphalt roads,Wet or damp,Daylight,Raining,Collision with roadside objects,1,2,Going straight,3,Reckless Driving,Slight Injury,0.6931471805599453,1.0986122886681096
18:44:00,Sunday,Dewasa,Male,Junior high school,Owner,2-5yr,Commercial Vehicle,Owner,,No defect,Other,Other,Tangent road with mountainous terrain and,Y Shape,Asphalt roads,Dry,Darkness - lights lit,Normal,Collision with roadside objects,2,1,Going straight,3,Distance & Priority Violation,Slight Injury,1.0986122886681096,0.6931471805599453
18:44:00,Sunday,Unknwon,Male,Junior high school,Employee,Above 10yr,Commercial Vehicle,Owner,,No defect, Church areas,Other,Tangent road with flat terrain,Y Shape,Asphalt roads,Dry,Darkness - lights lit,Normal,Vehicle with vehicle collision,2,1,Going straight,3,Unsafe Lane Change,Slight Injury,1.0986122886681096,0.6931471805599453
18:10:00,Wednesday,Dewasa,Male,Junior high school,Employee,2-5yr,Commercial Vehicle,Governmental,1-2yr,No defect,Residential areas,Other,Tangent road with flat terrain,Unknown,Asphalt roads,Dry,Daylight,Normal,Vehicle with vehicle collision,2,1,Other,3,Unsafe Lane Change,Slight Injury,1.0986122886681096,0.6931471805599453
18:10:00,Wednesday,Unknwon,Male,Junior high school,Employee,1-2yr,Public Transport,Owner,Unknown,No defect,Other,Other,Tangent road with flat terrain,Unknown,Asphalt roads,Dry,Daylight,Normal,Collision with roadside objects,2,1,Going straight,3,Distance & Priority Violation,Slight Injury,1.0986122886681096,0.6931471805599453
15:27:00,Tuesday,Unknwon,Male,Junior high school,Employee,2-5yr,Other,Owner,Unknown,No defect,Other,Other,Tangent road with flat terrain,Crossing,Asphalt roads,Dry,Daylight,Normal,Collision with roadside objects,1,1,Going straight,3,Reckless Driving,Slight Injury,0.6931471805599453,0.6931471805599453
21:38:00,Wednesday,Dewasa,Male,Junior high school,Employee,1-2yr,Private Vehicle,Owner,Unknown,No defect,Other,Divided Road (Median),Tangent road with flat terrain,No junction,Asphalt roads,Dry,Darkness - lights lit,Normal,Vehicle with vehicle collision,2,1,Going straight,3,Moving Backward,Slight Injury,1.0986122886681096,0.6931471805599453
21:38:00,Wednesday,Unknwon,Female,Junior high school,Employee,5-10yr,Private Vehicle,Owner,,No defect,  Recreational areas,Other,Tangent road with flat terrain,No junction,Gravel roads,Dry,Darkness - lights lit,Normal,Collision with pedestrians,2,1,Going straight,3,Distance & Priority Violation,Slight Injury,1.0986122886681096,0.6931471805599453
12:20:00,Wednesday,Dewasa,Male,Junior high school,Employee,5-10yr,Private Vehicle,Owner,Unknown,No defect,  Recreational areas,One Way,Tangent road with flat terrain,Y Shape,Asphalt roads,Dry,Daylight,Normal,Vehicle with vehicle collision,1,1,Going straight,3,Unsafe Lane Change,Slight Injury,0.6931471805599453,0.6931471805599453
11:00:00,Thursday,Dewasa,Male,Elementary school,Owner,2-5yr,Commercial Vehicle,Owner,,No defect,Other,Other,Tangent road with flat terrain,No junction,Asphalt roads,Wet or damp,Daylight,Raining,Vehicle with vehicle collision,1,1,Going straight,3,Unsafe Lane Change,Slight Injury,0.6931471805599453,0.6931471805599453
7:58:00,Thursday,Dewasa,Male,Elementary school,Employee,Below 1yr,Private Vehicle,Organization,1-2yr,No defect,Office areas,Other,Tangent road with flat terrain,Crossing,Asphalt roads,Wet or damp,Daylight,Raining,Vehicle with vehicle collision,2,1,Going straight,3,Distance & Priority Violation,Slight Injury,1.0986122886681096,0.6931471805599453
7:58:00,Thursday,Dewasa,Male,,,,Commercial Vehicle,Owner,2-5yrs,No defect,Residential areas,Other,Tangent road with flat terrain,Crossing,Asphalt roads,Wet or damp,Daylight,Raining,Vehicle with vehicle collision,2,1,Going straight,3,Unsafe Lane Change,Slight Injury,1.0986122886681096,0.6931471805599453
0:31:00,Friday,Lansia,Male,Junior high school,Employee,Above 10yr,Public Transport,Owner,2-5yrs,No defect,Other,Other,Tangent road with flat terrain,Crossing,Asphalt roads,Dry,Darkness - lights lit,Normal,Vehicle with vehicle collision,2,1,Going straight,3,Reckless Driving,Slight Injury,1.0986122886681096,0.6931471805599453
0:31:00,Friday,Dewasa,Male,High school,Employee,1-2yr,Private Vehicle,,1-2yr,,Residential areas,Other,Steep grade downward with mountainous terrain,Crossing,Asphalt roads,Dry,Darkness - lights lit,Normal,Collision with roadside objects,2,1,Moving Backward,3,Unsafe Lane Change,Slight Injury,1.0986122886681096,0.6931471805599453
15:43:00,Thursday,Dewasa,Male,Junior high school,Owner,5-10yr,Private Vehicle,Owner,,No defect, Church areas,Divided Road (Median),Tangent road with flat terrain,Y Shape,Asphalt roads,Dry,Daylight,Normal,Collision with roadside objects,1,1,Going straight,3,Distance & Priority Violation,Slight Injury,0.6931471805599453,0.6931471805599453
20:40:00,Friday,Unknwon,Female,Junior high school,Employee,1-2yr,Private Vehicle,Owner,2-5yrs,,Other,One Way,Tangent road with flat terrain,No junction,Asphalt roads,Dry,Darkness - lights lit,Normal,Vehicle with vehicle collision,1,1,Going straight,3,Unsafe Lane Change,Slight Injury,0.6931471805599453,0.6931471805599453
20:39:00,Friday,Lansia,Male,Junior high school,Employee,Above 10yr,,Owner,5-10yrs,No defect,Office areas,Other,Tangent road with mountainous terrain and,Unknown,Asphalt roads,Dry,Darkness - lights lit,Normal,Vehicle with vehicle collision,1,1,Going straight,3,Distance & Priority Violation,Slight Injury,0.6931471805599453,0.6931471805599453
9:16:00,Friday,Dewasa,Male,Junior high school,Employee,Below 1yr,Commercial Vehicle,Owner,2-5yrs,,Other,Other,Tangent road with flat terrain,No junction,Asphalt roads,Dry,Daylight,Normal,Vehicle with vehicle collision,2,1,Going straight,3,Unsafe Driving,Slight Injury,1.0986122886681096,0.6931471805599453
9:16:00,Friday,Dewasa,Male,Elementary school,Employee,2-5yr,Commercial Vehicle,Owner,Unknown,,  Recreational areas,Other,Steep grade downward with mountainous terrain,No junction,Asphalt roads,Dry,Daylight,Normal,Vehicle with vehicle collision,2,1,Moving Backward,3,Distance & Priority Violation,Slight Injury,1.0986122886681096,0.6931471805599453
12:45:00,Saturday,Lansia,Male,Junior high school,Employee,5-10yr,Private Vehicle,Owner,,No defect,Other,Other,Tangent road with flat terrain,Crossing,Asphalt roads,Dry,Daylight,Normal,Vehicle with vehicle collision,1,1,Going straight,3,Reckless Driving,Slight Injury,0.6931471805599453,0.6931471805599453
14:50:00,Saturday,Lansia,Male,Elementary school,Employee,5-10yr,Private Vehicle,Owner,1-2yr,No defect,Office areas,Other,Tangent road with flat terrain,Crossing,Asphalt roads,Dry,Daylight,Normal,Vehicle with vehicle collision,4,2,Other,3,DUI (Drugs/Alcohol),Slight Injury,1.6094379124341003,1.0986122886681096
14:50:00,Saturday,Lansia,Male,Junior high school,Owner,1-2yr,Public Transport,Governmental,,No defect,Residential areas,Other,Tangent road with flat terrain,Crossing,Asphalt roads,Dry,Daylight,Normal,Vehicle with vehicle collision,4,2,Other,3,Distance & Priority Violation,Slight Injury,1.6094379124341003,1.0986122886681096
14:50:00,Saturday,Lansia,Male,Junior high school,Employee,5-10yr,Public Transport,Owner,Unknown,No defect,Office areas,One Way,Tangent road with flat terrain,Crossing,Gravel roads,Dry,Daylight,Normal,Vehicle with vehicle collision,4,2,Going straight,2,Moving Backward,Slight Injury,1.6094379124341003,1.0986122886681096
14:50:00,Saturday,Dewasa,Male,Unknown,Other,,Private Vehicle,Owner,,No defect,Office areas,Other,Tangent road with flat terrain,Crossing,Asphalt roads,Dry,Daylight,Normal,Vehicle with vehicle collision,4,2,Going straight,3,Unsafe Lane Change,Slight Injury,1.6094379124341003,1.0986122886681096
15:26:00,Saturday,Dewasa,Male,High school,Employee,2-5yr,Public Transport,Owner,Unknown,No defect, Church areas,Divided Road (Median),Tangent road with flat terrain,Y Shape,Asphalt roads,Dry,Daylight,Normal,Vehicle with vehicle collision,2,2,Going straight,3,Unsafe Lane Change,Slight Injury,1.0986122886681096,1.0986122886681096
15:26:00,Saturday,Lansia,Male,Junior high school,Employee,1-2yr,Public Transport,Owner,,No defect, Church areas,Other,Tangent road with flat terrain,Y Shape,Asphalt roads,Dry,Daylight,Normal,Other,2,2,Going straight,3,Unsafe Lane Change,Slight Injury,1.0986122886681096,1.0986122886681096
16:15:00,Sunday,Dewasa,Male,Junior high school,Employee,5-10yr,Commercial Vehicle,Owner,,No defect,Residential areas,Other,Tangent road with flat terrain,No junction,Asphalt roads,Wet or damp,Daylight,Normal,Vehicle with vehicle collision,2,1,Other,3,DUI (Drugs/Alcohol),Slight Injury,1.0986122886681096,0.6931471805599453
16:15:00,Sunday,Dewasa,Male,Junior high school,Employee,2-5yr,Private Vehicle,Owner,,No defect,Other,Other,Tangent road with flat terrain,No junction,Earth roads,Wet or damp,Daylight,Normal,Collision with roadside objects,2,1,Going straight,3,Distance & Priority Violation,Slight Injury,1.0986122886681096,0.6931471805599453
2:40:00,Sunday,Dewasa,Male,Junior high school,Employee,No Licence,Commercial Vehicle,Owner,Unknown,,Other,Other,Tangent road with flat terrain,Crossing,Asphalt roads,Wet or damp,Darkness - lights lit,Normal,Vehicle with vehicle collision,2,1,Getting off,3,Distance & Priority Violation,Slight Injury,1.0986122886681096,0.6931471805599453
2:40:00,Sunday,Unknwon,Male,Junior high school,Employee,Above 10yr,,Owner,,No defect,,Other,Tangent road with flat terrain,Crossing,Asphalt roads,Wet or damp,Darkness - lights lit,Normal,Vehicle with vehicle collision,2,1,Going straight,3,Unsafe Lane Change,Slight Injury,1.0986122886681096,0.6931471805599453
18:01:00,Monday,Dewasa,Male,Junior high school,Employee,Above 10yr,Private Vehicle,Owner,2-5yrs,,Residential areas,Other,Tangent road with flat terrain,Y Shape,,Dry,Daylight,Normal,Vehicle with vehicle collision,2,1,Going straight,3,Unsafe Lane Change,Slight Injury,1.0986122886681096,0.6931471805599453
18:01:00,Monday,Unknwon,Female,Junior high school,Employee,5-10yr,Private Vehicle,Owner,Unknown,,Office areas,Other,Tangent road with flat terrain,Y Shape,Gravel roads,Dry,Daylight,Normal,Vehicle with vehicle collision,2,1,Going straight,3,Unsafe Lane Change,Slight Injury,1.0986122886681096,0.6931471805599453
2:02:00,Tuesday,Dewasa,Male,High school,Employee,2-5yr,,Owner,Unknown,,Residential areas,Other,Tangent road with flat terrain,No junction,Asphalt roads,Wet or damp,Darkness - lights lit,Cloudy,Vehicle with vehicle collision,1,1,Going straight,3,Unsafe Lane Change,Slight Injury,0.6931471805599453,0.6931471805599453
16:22:00,Monday,Dewasa,Male,High school,Owner,2-5yr,,Owner,Unknown,No defect,Other,Other,Tangent road with flat terrain,Crossing,,Dry,Daylight,Normal,Vehicle with vehicle collision,1,1,Going straight,3,Unsafe Lane Change,Slight Injury,0.6931471805599453,0.6931471805599453
13:10:00,Wednesday,Unknwon,Male,Junior high school,Employee,Below 1yr,Private Vehicle,Owner,,No defect,Other,Other,Tangent road with flat terrain,No junction,Asphalt roads,Dry,Daylight,Normal,Collision with roadside objects,1,1,Going straight,3,Improper Parking/Exit,Slight Injury,0.6931471805599453,0.6931471805599453
9:17:00,Tuesday,Dewasa,Male,Junior high school,Owner,Above 10yr,Private Vehicle,Owner,,No defect,  Recreational areas,Other,Tangent road with flat terrain,No junction,Earth roads,Dry,Daylight,Normal,Collision with roadside objects,1,1,Moving Backward,3,Reckless Driving,Slight Injury,0.6931471805599453,0.6931471805599453
12:39:00,Tuesday,Dewasa,Male,Junior high school,Employee,Above 10yr,Private Vehicle,Owner,5-10yrs,, Church areas,One Way,Tangent road with flat terrain,No junction,Asphalt roads,Dry,Daylight,Normal,Vehicle with vehicle collision,1,1,Going straight,3,Unsafe Lane Change,Slight Injury,0.6931471805599453,0.6931471805599453
10:35:00,Tuesday,Dewasa,Male,Elementary school,Employee,2-5yr,Other,Owner,,,School areas,Other,Tangent road with flat terrain,Y Shape,Asphalt roads,Dry,Daylight,Normal,Collision with roadside objects,1,1,Other,2,DUI (Drugs/Alcohol),Serious Injury,0.6931471805599453,0.6931471805599453
14:23:00,Tuesday,Unknwon,Female,Junior high school,Employee,2-5yr,Other,Owner,2-5yrs,,Office areas,Other,Tangent road with flat terrain,Y Shape,Asphalt roads,Dry,Daylight,Normal,Collision with roadside objects,1,1,Going straight,3,Reckless Driving,Slight Injury,0.6931471805599453,0.6931471805599453
4:48:00,Wednesday,Dewasa,Male,Unknown,Employee,Above 10yr,Private Vehicle,Owner,1-2yr,,Other,Other,Tangent road with flat terrain,No junction,Asphalt roads,Dry,Darkness - lights lit,Normal,Vehicle with vehicle collision,2,1,Going straight,3,Moving Backward,Slight Injury,1.0986122886681096,0.6931471805599453
4:48:00,Wednesday,Dewasa,Male,Elementary school,Employee,5-10yr,Commercial Vehicle,Owner,5-10yrs,,Residential areas,Other,Tangent road with flat terrain,No junction,Asphalt roads,Dry,Darkness - lights lit,Normal,Vehicle with vehicle collision,2,1,Going straight,3,Distance & Priority Violation,Slight Injury,1.0986122886681096,0.6931471805599453
15:17:00,Wednesday,Unknwon,Female,Junior high school,Employee,Below 1yr,Commercial Vehicle,Owner,Above 10yr,,Other,Other,Tangent road with flat terrain,Crossing,Earth roads,Dry,Daylight,Normal,Collision with roadside objects,1,1,Going straight,3,Distance & Priority Violation,Slight Injury,0.6931471805599453,0.6931471805599453
15:30:00,Wednesday,Dewasa,Male,Elementary school,Employee,Below 1yr,Commercial Vehicle,Owner,1-2yr,No defect,Other,Other,Steep grade downward with mountainous terrain,Y Shape,Asphalt roads,Dry,Daylight,Normal,Vehicle with vehicle collision,2,2,,3,Reckless Driving,Slight Injury,1.0986122886681096,1.0986122886681096
15:30:00,Wednesday,Dewasa,Male,Junior high school,Employee,Below 1yr,Private Vehicle,Owner,2-5yrs,,Office areas,One Way,Steep grade downward with mountainous terrain,Y Shape,Asphalt roads,Dry,Daylight,Normal,Vehicle with vehicle collision,2,2,Moving Backward,3,Unsafe Lane Change,Slight Injury,1.0986122886681096,1.0986122886681096
15:30:00,Wednesday,Unknwon,Male,Junior high school,Employee,5-10yr,Private Vehicle,Owner,,No defect,Residential areas,Other,Tangent road with flat terrain,Y Shape,Asphalt roads,Dry,Daylight,Normal,Vehicle with vehicle collision,2,2,,3,Distance & Priority Violation,Slight Injury,1.0986122886681096,1.0986122886681096
18:55:00,Thursday,Dewasa,Male,Junior high school,Owner,5-10yr,Public Transport,Owner,,No defect,Other,Other,Tangent road with flat terrain,Crossing,Asphalt roads,Dry,Daylight,Normal,Vehicle with vehicle collision,1,1,Going straight,3,Moving Backward,Serious Injury,0.6931471805599453,0.6931471805599453
2:44:00,Saturday,Unknwon,Male,High school,Owner,5-10yr,Public Transport,Organization,2-5yrs,,Residential areas,Other,Tangent road with flat terrain,Crossing,Asphalt roads,Dry,Darkness - lights lit,Normal,Vehicle with vehicle collision,1,1,Going straight,3,Distance & Priority Violation,Slight Injury,0.6931471805599453,0.6931471805599453
1:00:00,Saturday,Unknwon,Female,Junior high school,Employee,5-10yr,Commercial Vehicle,Owner,,No defect, Church areas,Other,Tangent road with flat terrain,No junction,Asphalt roads,Dry,Darkness - lights lit,Normal,Vehicle with vehicle collision,1,1,,3,Distance & Priority Violation,Slight Injury,0.6931471805599453,0.6931471805599453
23:35:00,Thursday,Dewasa,Male,Junior high school,Employee,2-5yr,Commercial Vehicle,Governmental,,No defect,Residential areas,Other,Tangent road with flat terrain,No junction,Asphalt roads,Wet or damp,Darkness - lights lit,Normal,Collision with pedestrians,2,1,Going straight,3,Distance & Priority Violation,Slight Injury,1.0986122886681096,0.6931471805599453
23:35:00,Thursday,Unknwon,Male,Elementary school,Employee,5-10yr,Public Transport,Owner,,No defect,Office areas,One Way,Tangent road with flat terrain,No junction,Asphalt roads,Wet or damp,Darkness - lights lit,Normal,Vehicle with vehicle collision,2,1,Going straight,3,Distance & Priority Violation,Slight Injury,1.0986122886681096,0.6931471805599453
3:40:00,Saturday,Dewasa,Male,Junior high school,Employee,2-5yr,Other,Governmental,Below 1yr,No defect,Residential areas,Other,Tangent road with flat terrain,Y Shape,Asphalt roads,Dry,Darkness - lights lit,Normal,Collision with roadside objects,1,1,Going straight,3,Reckless Driving,Slight Injury,0.6931471805599453,0.6931471805599453
11:30:00,Saturday,Dewasa,Male,Junior high school,Employee,Below 1yr,Commercial Vehicle,Owner,Unknown,No defect,Other,One Way,Tangent road with flat terrain,Crossing,Asphalt roads,Dry,Daylight,Normal,Vehicle with vehicle collision,2,1,Going straight,3,DUI (Drugs/Alcohol),Slight Injury,1.0986122886681096,0.6931471805599453
11:30:00,Saturday,Lansia,Male,Elementary school,Employee,2-5yr,Private Vehicle,Owner,Unknown,, Industrial areas,Other,Tangent road with flat terrain,Crossing,Asphalt roads,Dry,Daylight,Normal,Vehicle with vehicle collision,2,1,Going straight,3,Unsafe Lane Change,Slight Injury,1.0986122886681096,0.6931471805599453
23:15:00,Saturday,Dewasa,Male,Junior high school,Employee,2-5yr,Other,Owner,Unknown,, Church areas,Other,Tangent road with flat terrain,No junction,Earth roads,Dry,Darkness - lights lit,Normal,Vehicle with vehicle collision,2,1,Going straight,3,Unsafe Lane Change,Slight Injury,1.0986122886681096,0.6931471805599453
23:15:00,Saturday,Dewasa,Male,Junior high school,Employee,2-5yr,Private Vehicle,Owner,2-5yrs,No defect,Residential areas,Other,Steep grade downward with mountainous terrain,No junction,Asphalt roads,Dry,Darkness - lights lit,Normal,Vehicle with vehicle collision,2,1,Going straight,3,Reckless Driving,Slight Injury,1.0986122886681096,0.6931471805599453
2:31:00,Sunday,Unknwon,Male,Junior high school,Employee,5-10yr,Private Vehicle,,,,,Other,Tangent road with flat terrain,No junction,Asphalt roads,Dry,Darkness - lights lit,Normal,Vehicle with vehicle collision,1,1,Other,3,Moving Backward,Slight Injury,0.6931471805599453,0.6931471805599453
14:30:00,Tuesday,Lansia,Male,Junior high school,Employee,5-10yr,Private Vehicle,,,,,Other,Tangent road with flat terrain,Crossing,Asphalt roads,Dry,Daylight,Normal,Vehicle with vehicle collision,2,1,Going straight,3,Moving Backward,Slight Injury,1.0986122886681096,0.6931471805599453
14:30:00,Tuesday,Unknwon,Female,Junior high school,Employee,,Commercial Vehicle,Owner,1-2yr,No defect,Office areas,Other,Tangent road with flat terrain,Crossing,Asphalt roads,Dry,Daylight,Normal,Vehicle with vehicle collision,2,1,Going straight,3,Unsafe Lane Change,Slight Injury,1.0986122886681096,0.6931471805599453
14:30:00,Thursday,Unknwon,Female,Junior high school,Owner,5-10yr,Private Vehicle,Owner,Above 10yr,No defect, Outside rural areas,Other,Tangent road with mountainous terrain and,Y Shape,Other,Dry,Daylight,Normal,Vehicle with vehicle collision,1,1,Going straight,3,Distance & Priority Violation,Slight Injury,0.6931471805599453,0.6931471805599453
11:30:00,Thursday,Dewasa,Male,Junior high school,Employee,2-5yr,Public Transport,Owner,Above 10yr,No defect, Church areas,Other,Steep grade downward with mountainous terrain,No junction,Gravel roads,Dry,Daylight,Normal,Vehicle with vehicle collision,1,1,Going straight,3,Speeding,Slight Injury,0.6931471805599453,0.6931471805599453
11:25:00,Friday,Dewasa,Male,Junior high school,Employee,Below 1yr,Commercial Vehicle,Owner,,No defect,Office areas,Other,Tangent road with mountainous terrain and,Y Shape,Gravel roads,Dry,Daylight,Normal,Collision with roadside objects,2,1,Going straight,3,DUI (Drugs/Alcohol),Slight Injury,1.0986122886681096,0.6931471805599453
11:25:00,Friday,Unknwon,Male,Junior high school,Employee,1-2yr,Public Transport,Owner,Above 10yr,, Church areas,Other,Steep grade downward with mountainous terrain,Y Shape,Asphalt roads,Dry,Daylight,Normal,Vehicle with vehicle collision,2,1,Going straight,3,Unsafe Lane Change,Slight Injury,1.0986122886681096,0.6931471805599453
22:00:00,Saturday,Dewasa,Male,Junior high school,Employee,Below 1yr,Commercial Vehicle,,,,Office areas,Other,Tangent road with mountainous terrain and,Y Shape,Asphalt roads,Dry,Darkness - lights lit,Normal,Collision with roadside objects,2,1,Moving Backward,3,Reckless Driving,Slight Injury,1.0986122886681096,0.6931471805599453
22:00:00,Saturday,Unknwon,Male,Junior high school,Employee,Above 10yr,Commercial Vehicle,Governmental,,No defect,Office areas,Other,Tangent road with flat terrain,Y Shape,Earth roads,Dry,Darkness - lights lit,Normal,Vehicle with vehicle collision,2,1,Going straight,3,Distance & Priority Violation,Slight Injury,1.0986122886681096,0.6931471805599453
15:30:00,Wednesday,Remaja,Male,Junior high school,Employee,Below 1yr,Commercial Vehicle,Owner,1-2yr,No defect,School areas,Other,Tangent road with flat terrain,Y Shape,Asphalt roads,Dry,Daylight,Normal,Vehicle with vehicle collision,2,1,Going straight,3,Unsafe Lane Change,Slight Injury,1.0986122886681096,0.6931471805599453
15:30:00,Wednesday,Remaja,Male,Junior high school,Employee,2-5yr,Public Transport,Owner,Below 1yr,No defect,Residential areas,Other,Tangent road with flat terrain,Y Shape,Asphalt roads,Dry,Daylight,Normal,,2,1,Going straight,2,Distance & Priority Violation,Slight Injury,1.0986122886681096,0.6931471805599453