Time,Day_of_week,Age_band_of_driver,Sex_of_driver,Educational_level,Vehicle_driver_relation,Driving_experience,Type_of_vehicle,Owner_of_vehicle,Service_year_of_vehicle,Defect_of_vehicle,Area_accident_occured,Lanes_or_Medians,Road_allignment,Types_of_Junction,Road_surface_type,Road_surface_conditions,Light_conditions,Weather_conditions,Type_of_collision,Number_of_vehicles_involved,Number_of_casualties,Vehicle_movement,Casualty_severity,Cause_of_accident,Accident_severity,Number_of_vehicles_involved_log,Number_of_casualties_log
9:57:00,Tuesday,Dewasa,Male,Junior high school,Employee,1-2yr,Public Transport,Owner,,No defect,Office areas,Other,Tangent road with mountainous terrain and,Y Shape,Asphalt roads,Dry,Daylight,Normal,Collision with pedestrians,2,1,Going straight,3,Distance & Priority Violation,Slight Injury,1.0986122886681096,0.6931471805599453
9:57:00,Tuesday,Unknwon,Male,Elementary school,Employee,5-10yr,Private Vehicle,Owner,Unknown,No defect,Rural village areasOffice areas,Other,Tangent road with flat terrain,Y Shape,Asphalt roads,Dry,Daylight,Normal,Vehicle with vehicle collision,2,1,Going straight,3,Improper Parking/Exit,Slight Injury,1.0986122886681096,0.6931471805599453
18:12:00,Tuesday,Dewasa,Male,Junior high school,Owner,Below 1yr,Commercial Vehicle,Owner,Unknown,No defect,Other,Other,Tangent road with flat terrain,Y Shape,Earth roads,Dry,Daylight,Normal,Vehicle with vehicle collision,1,1,Going straight,2,Reckless Driving,Slight Injury,0.6931471805599453,0.6931471805599453
17:06:00,Tuesday,Dewasa,Male,Junior high school,Employee,Below 1yr,Private Vehicle,Owner,Unknown,No defect,Residential areas,Other,Tangent road with flat terrain,Y Shape,Asphalt roads,Dry,Daylight,Normal,Vehicle with vehicle collision,2,1,Going straight,3,Reckless Driving,Slight Injury,1.0986122886681096,0.6931471805599453
17:06:00,Tuesday,Dewasa,Male,Writing & reading,Employee,Below 1yr,Commercial Vehicle,Owner,Unknown,No defect,Office areas,Other,Tangent road with flat terrain,Y Shape,Asphalt roads,Dry,Daylight,Normal,Collision with pedestrians,2,1,Getting off,3,DUI (Drugs/Alcohol),Slight Injury,1.0986122886681096,0.6931471805599453
8:25:00,Tuesday,Dewasa,Male,Junior high school,Employee,1-2yr,Private Vehicle,Owner,Unknown,No defect,Office areas,Other,Tangent road with flat terrain,Y Shape,Asphalt roads,Dry,Daylight,Normal,Collision with roadside objects,1,1,Going straight,3,Moving Backward,Slight Injury,0.6931471805599453,0.6931471805599453
23:05:00,Wednesday,Unknwon,Male,Elementary school,Owner,5-10yr,Public Transport,Owner,Unknown,No defect,Residential areas,Other,Tangent road with flat terrain,No junction,Asphalt roads,Dry,Darkness - lights lit,Normal,,1,1,Going straight,3,Reckless Driving,Slight Injury,0.6931471805599453,0.6931471805599453
6:40:00,Thursday,Dewasa,Male,Junior high school,Employee,2-5yr,Public Transport,Owner,Unknown,No defect,Office areas,Other,Tangent road with flat terrain,Y Shape,Asphalt roads,Dry,Daylight,Normal,Vehicle with vehicle collision,2,1,Turnover,3,DUI (Drugs/Alcohol),Slight Injury,1.0986122886681096,0.6931471805599453
6:40:00,Thursday,Unknwon,Male,Junior high school,Owner,Below 1yr,Private Vehicle,Owner,Unknown,No defect,Office areas,Other,Tangent road with flat terrain,Y Shape,Asphalt roads,Dry,Daylight,Normal,,2,1,Moving Backward,3,Unsafe Lane Change,Slight Injury,1.0986122886681096,0.6931471805599453
11:50:00,Monday,Dewasa,Male,Writing & reading,Employee,5-10yr,,Owner,Unknown,No defect,Office areas,Other,Tangent road with flat terrain,Crossing,Asphalt roads,Dry,Daylight,Normal,,2,1,Going straight,3,Unsafe Lane Change,Slight Injury,1.0986122886681096,0.6931471805599453
11:50:00,Monday,Unknwon,Male,Writing & reading,Employee,5-10yr,Commercial Vehicle,Owner,Unknown,No defect,Office areas,Other,Tangent road with flat terrain,Crossing,Asphalt roads,Dry,Daylight,Normal,,2,1,Moving Backward,3,Distance & Priority Violation,Slight Injury,1.0986122886681096,0.6931471805599453
9:40:00,Tuesday,Unknwon,Male,Junior high school,Employee,5-10yr,Private Vehicle,Owner,Unknown,No defect,Other,Other,Tangent road with flat terrain,Y Shape,Asphalt roads,Dry,Daylight,Normal,Vehicle with vehicle collision,1,1,Going straight,3,Distance & Priority Violation,Slight Injury,0.6931471805599453,0.6931471805599453
9:05:00,Thursday,Dewasa,Male,Junior high school,Employee,2-5yr,Commercial Vehicle,Owner,Unknown,No defect,Other,Other,Tangent road with flat terrain,Y Shape,Asphalt roads,Dry,Daylight,Normal,Vehicle with vehicle collision,2,1,,3,Distance & Priority Violation,Serious Injury,1.0986122886681096,0.6931471805599453
9:05:00,Thursday,Dewasa,Male,Junior high school,Employee,Above 10yr,Public Transport,Owner,2-5yrs,,Other,Other,Tangent road with flat terrain,Y Shape,Earth roads,Dry,Daylight,Normal,Collision with roadside objects,2,1,Going straight,3,Moving Backward,Serious Injury,1.0986122886681096,0.6931471805599453
9:40:00,Friday,Dewasa,Male,Junior high school,Employee,5-10yr,Commercial Vehicle,Owner,2-5yrs,,Residential areas,One Way,Tangent road with flat terrain,Crossing,Asphalt roads,Dry,Daylight,Normal,Collision with roadside objects,2,1,,3,Moving Backward,Slight Injury,1.0986122886681096,0.6931471805599453
9:40:00,Friday,Dewasa,Male,Junior high school,Employee,Above 10yr,Other,Owner,2-5yrs,,School areas,Other,Tangent road with mild grade and flat terrain,Crossing,Asphalt roads,Dry,Daylight,Normal,Vehicle with vehicle collision,2,1,Going straight,3,Improper Parking/Exit,Slight Injury,1.0986122886681096,0.6931471805599453
22:35:00,Thursday,Remaja,Male,Junior high school,Employee,2-5yr,Private Vehicle,Owner,2-5yrs,,Residential areas,Other,Tangent road with mild grade and flat terrain,Y Shape,Asphalt roads,Dry,Darkness - lights lit,Normal,Vehicle with vehicle collision,1,1,,3,Unsafe Lane Change,Slight Injury,0.6931471805599453,0.6931471805599453
20:18:00,Thursday,Dewasa,Male,Junior high school,Employee,Below 1yr,Private Vehicle,Owner,2-5yrs,No defect,Office areas,Other,Tangent road with flat terrain,Crossing,Asphalt roads,Dry,Darkness - lights lit,Normal,Vehicle with vehicle collision,2,1,Going straight,3,Unsafe Lane Change,Slight Injury,1.0986122886681096,0.6931471805599453
20:18:00,Thursday,Dewasa,Male,Junior high school,Employee,Below 1yr,Public Transport,Owner,,No defect, Church areas,One Way,Tangent road with flat terrain,Crossing,Earth roads,Dry,Darkness - lights lit,Normal,Vehicle with vehicle collision,2,1,Going straight,3,Distance & Priority Violation,Slight Injury,1.0986122886681096,0.6931471805599453
20:00:00,Friday,Dewasa,Male,Junior high school,Owner,5-10yr,Other,Owner,,No defect,Other,Other,Tangent road with flat terrain,Crossing,Asphalt roads,Dry,Darkness - lights lit,Normal,Vehicle with vehicle collision,2,1,Going straight,3,Unsafe Lane Change,Slight Injury,1.0986122886681096,0.6931471805599453
20:00:00,Friday,Dewasa,Male,Junior high school,Employee,2-5yr,Commercial Vehicle,Owner,2-5yrs,No defect,Other,One Way,Tangent road with flat terrain,Crossing,Asphalt roads,Dry,Darkness - lights lit,Normal,Rollover,2,1,Going straight,3,Unsafe Lane Change,Slight Injury,1.0986122886681096,0.6931471805599453
13:15:00,Sunday,Dewasa,Male,Elementary school,Employee,Below 1yr,Private Vehicle,Owner,5-10yrs,No defect,Other,Other,Tangent road with flat terrain,Crossing,Asphalt roads,Dry,Daylight,Normal,Vehicle with vehicle collision,2,1,Going straight,3,Reckless Driving,Slight Injury,1.0986122886681096,0.6931471805599453
13:15:00,Sunday,Unknwon,Male,Junior high school,Employee,2-5yr,Public Transport,Owner,,No defect,Other,Other,Tangent road with flat terrain,Crossing,Asphalt roads,Dry,Daylight,Normal,Collision with roadside objects,2,1,Other,3,Unsafe Lane Change,Slight Injury,1.0986122886681096,0.6931471805599453
22:39:00,Saturday,Dewasa,Male,Junior high school,Employee,5-10yr,,Owner,,No defect,Office areas,Other,Tangent road with flat terrain,Crossing,Asphalt roads,Dry,Darkness - lights lit,Normal,Collision with pedestrians,2,2,Other,3,Unsafe Lane Change,Slight Injury,1.0986122886681096,1.0986122886681096
22:39:00,Saturday,Dewasa,Male,High school,Employee,Above 10yr,Private Vehicle,Owner,,No defect,Office areas,Other,Tangent road with flat terrain,Crossing,Asphalt roads,Dry,Darkness - lights lit,Normal,Vehicle with vehicle collision,2,2,Going straight,3,DUI (Drugs/Alcohol),Slight Injury,1.0986122886681096,1.0986122886681096
22:39:00,Saturday,Lansia,Male,High school,Employee,Above 10yr,Commercial Vehicle,Owner,Unknown,No defect,Residential areas,Other,Tangent road with flat terrain,Crossing,Asphalt roads,Dry,Darkness - lights lit,Normal,Vehicle with vehicle collision,2,2,Going straight,3,Reckless Driving,Slight Injury,1.0986122886681096,1.0986122886681096
17:18:00,Sunday,Dewasa,Male,Junior high school,Employee,5-10yr,Public Transport,Owner,Unknown,No defect,Office areas,One Way,Tangent road with flat terrain,Crossing,Asphalt roads,Dry,Daylight,Normal,Vehicle with vehicle collision,2,2,Getting off,3,Distance & Priority Violation,Slight Injury,1.0986122886681096,1.0986122886681096
17:18:00,Sunday,Dewasa,Male,Elementary school,Employee,1-2yr,Commercial Vehicle,Owner,Unknown,No defect,Residential areas,Other,Tangent road with flat terrain,Crossing,Other,Dry,Daylight,Normal,Vehicle with vehicle collision,2,2,Going straight,3,Distance & Priority Violation,Slight Injury,1.0986122886681096,1.0986122886681096
8:55:00,Friday,Dewasa,Male,Elementary school,Employee,5-10yr,Commercial Vehicle,Owner,Unknown,No defect,Office areas,Other,Tangent road with flat terrain,No junction,Asphalt roads,Dry,Daylight,Normal,Vehicle with vehicle collision,2,1,Going straight,3,Distance & Priority Violation,Slight Injury,1.0986122886681096,0.6931471805599453
8:55:00,Friday,Unknwon,Male,Junior high school,Employee,5-10yr,Commercial Vehicle,Owner,Unknown,No defect,Other,Other,Tangent road with flat terrain,No junction,Asphalt roads,Dry,Daylight,Normal,Vehicle with vehicle collision,2,1,Going straight,2,Distance & Priority Violation,Slight Injury,1.0986122886681096,0.6931471805599453
10:00:00,Friday,Dewasa,Male,Junior high school,Employee,1-2yr,Public Transport,Owner,Unknown,No defect,Office areas,One Way,Tangent road with flat terrain,Crossing,Asphalt roads,Dry,Daylight,Normal,Vehicle with vehicle collision,2,1,Going straight,3,Unsafe Lane Change,Slight Injury,1.0986122886681096,0.6931471805599453
10:00:00,Friday,Unknwon,Male,Junior high school,Owner,5-10yr,Commercial Vehicle,Owner,Unknown,No defect,School areas,Other,Tangent road with flat terrain,Crossing,Asphalt roads,Dry,Daylight,Normal,Collision with roadside objects,2,1,Going straight,3,Moving Backward,Slight Injury,1.0986122886681096,0.6931471805599453
8:55:00,Saturday,Dewasa,Male,High school,Owner,Above 10yr,Commercial Vehicle,Owner,,,Residential areas,One Way,Tangent road with flat terrain,Crossing,Asphalt roads,Dry,Daylight,Normal,Rollover,2,1,Getting off,3,Reckless Driving,Slight Injury,1.0986122886681096,0.6931471805599453
8:55:00,Saturday,Unknwon,Male,,Owner,Below 1yr,Private Vehicle,Owner,,,Office areas,Other,Tangent road with flat terrain,Crossing,Asphalt roads,Dry,Daylight,Normal,Vehicle with vehicle collision,2,1,Going straight,3,DUI (Drugs/Alcohol),Slight Injury,1.0986122886681096,0.6931471805599453
17:15:00,Thursday,Unknwon,Male,Writing & reading,Owner,5-10yr,Commercial Vehicle,Owner,Unknown,No defect,Residential areas,Other,Tangent road with flat terrain,Crossing,Asphalt roads,Dry,Daylight,Normal,Collision with pedestrians,1,1,Going straight,3,Unsafe Lane Change,Slight Injury,0.6931471805599453,0.6931471805599453
1:37:00,Tuesday,Unknwon,Male,Above high school,Employee,Above 10yr,Non-Motorized,Owner,Above 10yr,,Office areas,Other,Tangent road with flat terrain,Other,Earth roads,Dry,Darkness - lights lit,Normal,Vehicle with vehicle collision,1,1,Other,2,Distance & Priority Violation,Slight Injury,0.6931471805599453,0.6931471805599453
15:45:00,Monday,Lansia,Male,High school,Employee,Below 1yr,Private Vehicle,Owner,Above 10yr,,Residential areas,One Way,Tangent road with flat terrain,Y Shape,Asphalt roads,Dry,Daylight,Normal,Vehicle with vehicle collision,3,1,Going straight,3,Unsafe Lane Change,Slight Injury,1.3862943611198906,0.6931471805599453
15:45:00,Monday,Dewasa,Male,Junior high school,Employee,1-2yr,Commercial Vehicle,Owner,Unknown,No defect,Other,Other,Tangent road with flat terrain,Y Shape,Asphalt roads,Dry,Daylight,Normal,Collision with pedestrians,3,1,Going straight,3,Unsafe Driving,Slight Injury,1.3862943611198906,0.6931471805599453
15:45:00,Monday,Dewasa,Male,Junior high school,Employee,Above 10yr,Commercial Vehicle,Other,Unknown,,Other,Other,Tangent road with flat terrain,Y Shape,Asphalt roads,Dry,Daylight,Normal,Collision with pedestrians,3,1,Going straight,3,Moving Backward,Slight Injury,1.3862943611198906,0.6931471805599453
11:05:00,Monday,Dewasa,Male,Junior high school,Owner,Above 10yr,Public Transport,Owner,5-10yrs,,Office areas,Other,Tangent road with flat terrain,Crossing,Asphalt roads,Dry,Daylight,Normal,Vehicle with vehicle collision,1,1,Going straight,3,Distance & Priority Violation,Slight Injury,0.6931471805599453,0.6931471805599453
9:10:00,Monday,Lansia,Male,Junior high school,Employee,Above 10yr,Private Vehicle,Owner,Above 10yr,No defect,Office areas,Other,Tangent road with flat terrain,Y Shape,Asphalt roads,Dry,Daylight,Normal,Vehicle with vehicle collision,2,1,Going straight,3,Distance & Priority Violation,Slight Injury,1.0986122886681096,0.6931471805599453
9:10:00,Monday,Dewasa,Male,Junior high school,Employee,No Licence,Private Vehicle,Owner,2-5yrs,No defect,Residential areas,Other,Tangent road with flat terrain,Y Shape,Asphalt roads,Dry,Daylight,Normal,Vehicle with vehicle collision,2,1,Reversing,3,Reckless Driving,Slight Injury,1.0986122886681096,0.6931471805599453
9:30:00,Tuesday,Unknwon,Female,Junior high school,Employee,1-2yr,Public Transport,Owner,,No defect,Other,Other,Tangent road with flat terrain,Y Shape,Asphalt roads,Dry,Daylight,Normal,Vehicle with vehicle collision,1,1,Other,3,Unsafe Lane Change,Serious Injury,0.6931471805599453,0.6931471805599453
20:08:00,Tuesday,Unknwon,Female,Illiterate,Owner,1-2yr,Private Vehicle,Governmental,,No defect,Other,Other,Tangent road with flat terrain,Y Shape,Asphalt roads,Dry,Darkness - lights lit,Normal,Vehicle with vehicle collision,2,1,Going straight,3,Distance & Priority Violation,Slight Injury,1.0986122886681096,0.6931471805599453
20:08:00,Tuesday,Unknwon,Male,Junior high school,Owner,Below 1yr,Private Vehicle,Owner,,No defect,Office areas,Other,Tangent road with flat terrain,Y Shape,Asphalt roads,Dry,Darkness - lights lit,Normal,Collision with roadside objects,2,1,Going straight,3,Distance & Priority Violation,Slight Injury,1.0986122886681096,0.6931471805599453
18:54:00,Tuesday,Dewasa,Male,Junior high school,Owner,1-2yr,Private Vehicle,Owner,,No defect,Office areas,Other,Tangent road with flat terrain,Crossing,Asphalt roads,Dry,Daylight,Normal,Vehicle with vehicle collision,1,1,Going straight,3,Distance & Priority Violation,Slight Injury,0.6931471805599453,0.6931471805599453
14:28:00,Tuesday,Lansia,Male,Junior high school,Owner,2-5yr,Commercial Vehicle,Owner,Unknown,No defect, Church areas,Other,Tangent road with flat terrain,Crossing,Asphalt roads,Dry,Daylight,Normal,Vehicle with vehicle collision,1,1,Going straight,3,Unsafe Driving,Slight Injury,0.6931471805599453,0.6931471805599453
13:35:00,Tuesday,Dewasa,Male,Unknown,Owner,5-10yr,Private Vehicle,Governmental,Unknown,No defect,Other,One Way,Tangent road with flat terrain,No junction,Asphalt roads,Dry,Daylight,Normal,Vehicle with vehicle collision,2,1,Going straight,3,Reckless Driving,Slight Injury,1.0986122886681096,0.6931471805599453
13:35:00,Tuesday,Unknwon,Male,Unknown,Owner,Above 10yr,Private Vehicle,Owner,Unknown,No defect,Office areas,Other,Tangent road with flat terrain,No junction,Asphalt roads,Dry,Daylight,Normal,Vehicle with vehicle collision,2,1,Going straight,3,Reckless Driving,Slight Injury,1.0986122886681096,0.6931471805599453
16:00:00,Tuesday,Unknwon,Female,Junior high school,Owner,2-5yr,Public Transport,Owner,1-2yr,,Office areas,Other,Tangent road with flat terrain,Y Shape,Asphalt roads,Dry,Daylight,Normal,Vehicle with vehicle collision,2,1,Going straight,3,Unsafe Lane Change,Slight Injury,1.0986122886681096,0.6931471805599453
16:00:00,Tuesday,Dewasa,Male,Elementary school,Owner,Above 10yr,Public Transport,Owner,Below 1yr,,Residential areas,Other,Tangent road with flat terrain,Y Shape,Asphalt roads,Dry,Daylight,Normal,Vehicle with vehicle collision,2,1,Going straight,3,Reckless Driving,Slight Injury,1.0986122886681096,0.6931471805599453
14:01:00,Tuesday,Unknwon,Male,Writing & reading,Owner,5-10yr,Private Vehicle,,,,Other,Other,Tangent road with flat terrain,Y Shape,Earth roads,Dry,Daylight,Normal,Vehicle with vehicle collision,1,1,Going straight,3,Unsafe Lane Change,Slight Injury,0.6931471805599453,0.6931471805599453
19:17:00,Tuesday,Lansia,Male,,Owner,,Public Transport,Owner,5-10yrs,,Residential areas,Other,Tangent road with flat terrain,Y Shape,Asphalt roads,Dry,Darkness - lights lit,Normal,Vehicle with vehicle collision,1,1,Moving Backward,3,Reckless Driving,Serious Injury,0.6931471805599453,0.6931471805599453
13:22:00,Wednesday,Dewasa,Male,Junior high school,Owner,5-10yr,Private Vehicle,Governmental,,,Office areas,Other,Tangent road with flat terrain,No junction,,Dry,Daylight,Normal,Vehicle with vehicle collision,1,1,Moving Backward,3,Reckless Driving,Slight Injury,0.6931471805599453,0.6931471805599453
8:05:00,Wednesday,Dewasa,Male,Junior high school,Owner,Below 1yr,Private Vehicle,Owner,5-10yrs,,Office areas,Other,Tangent road with flat terrain,Crossing,Asphalt roads,Dry,Daylight,Normal,Vehicle with vehicle collision,1,2,Turnover,3,DUI (Drugs/Alcohol),Serious Injury,0.6931471805599453,1.0986122886681096
8:05:00,Wednesday,Dewasa,Male,Junior high school,Owner,2-5yr,Private Vehicle,Owner,Above 10yr,,Other,Other,Tangent road with flat terrain,Crossing,Asphalt roads,Dry,Daylight,Normal,Vehicle with vehicle collision,1,2,Other,3,Reckless Driving,Serious Injury,0.6931471805599453,1.0986122886681096
13:15:00,Wednesday,Dewasa,Male,Elementary school,Employee,2-5yr,Commercial Vehicle,Owner,1-2yr,No defect,Other,Other,Steep grade downward with mountainous terrain,Crossing,Asphalt roads,Dry,Daylight,Normal,Vehicle with vehicle collision,2,2,Other,3,Distance & Priority Violation,Slight Injury,1.0986122886681096,1.0986122886681096
13:15:00,Wednesday,Dewasa,Male,Junior high school,Employee,2-5yr,Private Vehicle,Owner,2-5yrs,,Office areas,One Way,Steep grade downward with mountainous terrain,Crossing,Asphalt roads,Dry,Daylight,Normal,Vehicle with vehicle collision,2,2,Going straight,3,Reckless Driving,Slight Injury,1.0986122886681096,1.0986122886681096
22:40:00,Wednesday,Dewasa,Male,Junior high school,Employee,2-5yr,Public Transport,Owner,,No defect,Residential areas,Other,Tangent road with flat terrain,Crossing,Asphalt roads,Dry,Darkness - lights lit,Normal,Vehicle with vehicle collision,1,1,Going straight,3,Unsafe Driving,Slight Injury,0.6931471805599453,0.6931471805599453
22:38:00,Wednesday,Dewasa,Male,Junior high school,Employee,5-10yr,Private Vehicle,Owner,,No defect,Other,Other,Tangent road with flat terrain,Crossing,Asphalt roads,Dry,Darkness - lights lit,Normal,Vehicle with vehicle collision,2,2,Other,3,Reckless Driving,Slight Injury,1.0986122886681096,1.0986122886681096
22:38:00,Wednesday,Dewasa,Male,Junior high school,Employee,5-10yr,Private Vehicle,Organization,2-5yrs,,Residential areas,Other,Tangent road with flat terrain,Crossing,Asphalt roads,Dry,Darkness - lights lit,Normal,Collision with roadside objects,2,2,Other,3,Distance & Priority Violation,Slight Injury,1.0986122886681096,1.0986122886681096
22:38:00,Wednesday,Unknwon,Male,Junior high school,Employee,Above 10yr,Commercial Vehicle,Owner,,No defect, Church areas,Other,Tangent road with flat terrain,Crossing,Asphalt roads,Dry,Darkness - lights lit,Normal,Vehicle with vehicle collision,2,2,Going straight,3,Reckless Driving,Slight Injury,1.0986122886681096,1.0986122886681096
17:15:00,Monday,Dewasa,Male,Elementary school,Employee,5-10yr,Private Vehicle,Governmental,,No defect,Residential areas,Other,Tangent road with flat terrain,Unknown,Asphalt roads,Dry,Darkness - lights lit,Normal,Vehicle with vehicle collision,1,1,Reversing,3,Distance & Priority Violation,Slight Injury,0.6931471805599453,0.6931471805599453
10:30:00,Saturday,Dewasa,Male,Junior high school,Employee,5-10yr,Private Vehicle,Owner,,No defect,Office areas,One Way,Tangent road with flat terrain,No junction,Gravel roads,Wet or damp,Daylight,Raining,Vehicle with vehicle collision,2,2,Other,3,Distance & Priority Violation,Slight Injury,1.0986122886681096,1.0986122886681096
19:15:00,Sunday,Dewasa,Male,Junior high school,Employee,Above 10yr,,Governmental,Below 1yr,No defect,Residential areas,Other,Tangent road with flat terrain,No junction,Asphalt roads,Dry,Daylight,Normal,Vehicle with vehicle collision,1,1,Turnover,3,Distance & Priority Violation,Serious Injury,0.6931471805599453,0.6931471805599453
16:39:00,Friday,Unknwon,Male,Elementary school,Owner,,Private Vehicle,Owner,Unknown,No defect,Other,One Way,Tangent road with flat terrain,Other,Asphalt roads,Dry,Daylight,Normal,Collision with pedestrians,2,1,Going straight,3,Distance & Priority Violation,Slight Injury,1.0986122886681096,0.6931471805599453
16:39:00,Friday,Dewasa,Male,Junior high school,Owner,5-10yr,Private Vehicle,Owner,Unknown,, Industrial areas,Other,Tangent road with flat terrain,Other,Asphalt roads,Dry,Daylight,Normal,Vehicle with vehicle collision,2,1,Going straight,3,Distance & Priority Violation,Slight Injury,1.0986122886681096,0.6931471805599453
16:44:00,Sunday,Dewasa,Male,Junior high school,Employee,5-10yr,Private Vehicle,Owner,Unknown,, Church areas,Other,Tangent road with flat terrain,Y Shape,Asphalt roads,Dry,Daylight,Normal,Vehicle with vehicle collision,2,1,Going straight,3,Moving Backward,Slight Injury,1.0986122886681096,0.6931471805599453
16:44:00,Sunday,Dewasa,Male,Junior high school,Employee,Below 1yr,Public Transport,Owner,2-5yrs,No defect,Residential areas,Other,Steep grade downward with mountainous terrain,Y Shape,Asphalt roads,Dry,Daylight,Normal,Vehicle with vehicle collision,2,1,Going straight,3,Distance & Priority Violation,Slight Injury,1.0986122886681096,0.6931471805599453
16:20:00,Thursday,Lansia,Male,,,,,,,,,Other,Tangent road with flat terrain,No junction,Asphalt roads,Dry,Daylight,Normal,Vehicle with vehicle collision,1,1,Going straight,3,Unsafe Lane Change,Slight Injury,0.6931471805599453,0.6931471805599453
18:49:00,Wednesday,Remaja,Male,Junior high school,Employee,5-10yr,Private Vehicle,,,,,Other,Tangent road with flat terrain,Y Shape,Asphalt roads,Dry,Daylight,Normal,Vehicle with vehicle collision,2,1,Going straight,3,Unsafe Lane Change,Slight Injury,1.0986122886681096,0.6931471805599453
18:49:00,Wednesday,Dewasa,Male,Junior high school,Employee,5-10yr,Private Vehicle,Owner,1-2yr,No defect,Office areas,Other,Tangent road with flat terrain,Y Shape,Asphalt roads,Dry,Daylight,Normal,Vehicle with vehicle collision,2,1,Going straight,3,Distance & Priority Violation,Slight Injury,1.0986122886681096,0.6931471805599453
8:18:00,Friday,Dewasa,Male,Junior high school,Employee,Above 10yr,Other,Owner,Above 10yr,No defect, Outside rural areas,Other,Tangent road with mountainous terrain and,Y Shape,Asphalt roads,Dry,Daylight,Normal,Vehicle with vehicle collision,2,1,Going straight,3,Moving Backward,Slight Injury,1.0986122886681096,0.6931471805599453
8:18:00,Friday,Lansia,Male,High school,Employee,Above 10yr,Private Vehicle,Owner,Above 10yr,No defect, Church areas,Other,Steep grade downward with mountainous terrain,Y Shape,Asphalt roads,Dry,Daylight,Normal,Vehicle with vehicle collision,2,1,Going straight,3,Unsafe Lane Change,Slight Injury,1.0986122886681096,0.6931471805599453
9:31:00,Monday,Lansia,Male,Junior high school,Employee,Above 10yr,Commercial Vehicle,Owner,,No defect,Office areas,Other,Tangent road with mountainous terrain and,Crossing,Asphalt roads,Dry,Daylight,Normal,Collision with pedestrians,1,1,Other,3,Distance & Priority Violation,Serious Injury,0.6931471805599453,0.6931471805599453
16:30:00,Friday,Dewasa,Male,Junior high school,Employee,Above 10yr,Public Transport,Owner,Above 10yr,, Church areas,Other,Steep grade downward with mountainous terrain,Y Shape,Asphalt roads,Dry,Daylight,Normal,Vehicle with vehicle collision,1,1,Going straight,3,Distance & Priority Violation,Slight Injury,0.6931471805599453,0.6931471805599453
21:00:00,Thursday,Dewasa,Male,Junior high school,Employee,Above 10yr,Other,,,,Office areas,Other,Tangent road with mountainous terrain and,No junction,Asphalt roads,Dry,Darkness - no lighting,Unknown,Vehicle with vehicle collision,2,1,Going straight,3,Unsafe Lane Change,Slight Injury,1.0986122886681096,0.6931471805599453
21:00:00,Thursday,Unknwon,Male,Junior high school,Employee,Above 10yr,Public Transport,Governmental,,No defect,Office areas,Other,Tangent road with flat terrain,No junction,Asphalt roads,Dry,Darkness - no lighting,Unknown,Vehicle with vehicle collision,2,1,Moving Backward,3,Distance & Priority Violation,Slight Injury,1.0986122886681096,0.6931471805599453
18:00:00,Friday,Unknwon,Female,Junior high school,Employee,5-10yr,Private Vehicle,Owner,1-2yr,No defect,School areas,Other,Tangent road with flat terrain,No junction,Asphalt roads,Dry,Daylight,Normal,Vehicle with vehicle collision,1,1,Going straight,3,Distance & Priority Violation,Slight Injury,0.6931471805599453,0.6931471805599453
20:13:00,Monday,Remaja,Male,Junior high school,Employee,2-5yr,Private Vehicle,Owner,Below 1yr,No defect,Residential areas,Other,Tangent road with flat terrain,Y Shape,Asphalt roads,Wet or damp,Daylight,Raining,Collision with roadside objects,2,1,Moving Backward,3,Improper Parking/Exit,Slight Injury,1.0986122886681096,0.6931471805599453
20:13:00,Monday,Dewasa,Male,Junior high school,Employee,Below 1yr,Public Transport,Owner,,No defect,Office areas,Other,Tangent road with mountainous terrain and,Y Shape,Asphalt roads,Wet or damp,Daylight,Raining,Vehicle with vehicle collision,2,1,Other,2,Distance & Priority Violation,Slight Injury,1.0986122886681096,0.6931471805599453
4:45:00,Saturday,Dewasa,Male,Junior high school,Employee,Below 1yr,Commercial Vehicle,Owner,Unknown,No defect,Rural village areasOffice areas,Other,Tangent road with flat terrain,No junction,Other,Dry,Darkness - lights lit,Normal,Vehicle with vehicle collision,2,1,Going straight,3,Unsafe Lane Change,Slight Injury,1.0986122886681096,0.6931471805599453
4:45:00,Saturday,Unknwon,Male,Junior high school,Employee,2-5yr,Commercial Vehicle,Owner,Unknown,No defect,Other,Other,Tangent road with flat terrain,No junction,Asphalt roads,Dry,Darkness - lights lit,Normal,Vehicle with vehicle collision,2,1,Reversing,3,Distance & Priority Violation,Slight Injury,1.0986122886681096,0.6931471805599453
8:12:00,Thursday,Dewasa,Male,Elementary school,Employee,Below 1yr,Commercial Vehicle,Owner,Unknown,No defect,Residential areas,Other,Tangent road with flat terrain,No junction,Asphalt roads,Dry,Daylight,Normal,Vehicle with vehicle collision,1,1,Going straight,3,Reckless Driving,Slight Injury,0.6931471805599453,0.6931471805599453
9:45:00,Thursday,Unknwon,Female,Junior high school,Employee,Below 1yr,Private Vehicle,Owner,Unknown,No defect,Office areas,Other,Tangent road with flat terrain,T Shape,Asphalt roads,Dry,Daylight,Normal,Vehicle with vehicle collision,2,1,Other,3,Distance & Priority Violation,Slight Injury,1.0986122886681096,0.6931471805599453
9:45:00,Thursday,Dewasa,Male,Junior high school,Employee,,Commercial Vehicle,Owner,Unknown,No defect,Office areas,Other,Tangent road with flat terrain,T Shape,Asphalt roads,Dry,Daylight,Normal,Vehicle with vehicle collision,2,1,Other,3,Unsafe Lane Change,Slight Injury,1.0986122886681096,0.6931471805599453