Time,Day_of_week,Age_band_of_driver,Sex_of_driver,Educational_level,Vehicle_driver_relation,Driving_experience,Type_of_vehicle,Owner_of_vehicle,Service_year_of_vehicle,Defect_of_vehicle,Area_accident_occured,Lanes_or_Medians,Road_allignment,Types_of_Junction,Road_surface_type,Road_surface_conditions,Light_conditions,Weather_conditions,Type_of_collision,Number_of_vehicles_involved,Number_of_casualties,Vehicle_movement,Casualty_severity,Cause_of_accident,Accident_severity,Number_of_vehicles_involved_log,Number_of_casualties_log
20:57:00,Tuesday,Lansia,Male,Elementary school,Employee,2-5yr,Commercial Vehicle,Owner,,No defect,  Recreational areas,One Way,Tangent road with flat terrain,Y Shape,Asphalt roads,Dry,Darkness - lights lit,Normal,Vehicle with vehicle collision,2,4,Getting off,3,Reckless Driving,Slight Injury,1.0986122886681096,1.6094379124341003
20:57:00,Tuesday,Lansia,Male,Junior high school,Owner,2-5yr,Non-Motorized,Owner,,No defect, Church areas,Other,Tangent road with flat terrain,Y Shape,Asphalt roads,Dry,Darkness - lights lit,Normal,Collision with roadside objects,2,4,Moving Backward,3,DUI (Drugs/Alcohol),Slight Injury,1.0986122886681096,1.6094379124341003
20:57:00,Tuesday,Lansia,Male,Junior high school,Employee,Above 10yr,Private Vehicle,Owner,,No defect,Other,One Way,Tangent road with flat terrain,Y Shape,Asphalt roads,Dry,Darkness - lights lit,Normal,Vehicle with vehicle collision,2,4,Going straight,3,Reckless Driving,Slight Injury,1.0986122886681096,1.6094379124341003
16:10:00,Friday,Lansia,Male,Junior high school,Employee,2-5yr,Private Vehicle,Owner,,No defect,Other,Other,Tangent road with flat terrain,Unknown,Earth roads,Dry,Daylight,Normal,Vehicle with vehicle collision,2,1,Going straight,3,Distance & Priority Violation,Slight Injury,1.0986122886681096,0.6931471805599453
16:10:00,Friday,Lansia,Male,Junior high school,Employee,1-2yr,Private Vehicle,Owner,Unknown,No defect,Other,Other,Tangent road with flat terrain,Unknown,Asphalt roads,Dry,Daylight,Normal,Vehicle with vehicle collision,2,1,Waiting to go,3,Reckless Driving,Slight Injury,1.0986122886681096,0.6931471805599453
0:01:00,Friday,Dewasa,Male,Junior high school,Employee,2-5yr,Other,Governmental,,No defect,Residential areas,Other,Tangent road with flat terrain,Crossing,Asphalt roads,Dry,Darkness - lights lit,Normal,Vehicle with vehicle collision,2,1,Going straight,3,Unsafe Driving,Serious Injury,1.0986122886681096,0.6931471805599453
0:01:00,Friday,Dewasa,Male,Junior high school,Employee,1-2yr,Commercial Vehicle,Owner,Above 10yr,No defect,School areas,Other,Tangent road with flat terrain,Crossing,Asphalt roads,Dry,Darkness - lights lit,Normal,Collision with pedestrians,2,1,Other,3,Reckless Driving,Serious Injury,1.0986122886681096,0.6931471805599453
17:25:00,Sunday,Dewasa,Male,Junior high school,Employee,5-10yr,Commercial Vehicle,Owner,Above 10yr,No defect, Church areas,Other,Tangent road with flat terrain,Crossing,Asphalt roads,Dry,Daylight,Normal,Collision with pedestrians,2,1,Going straight,3,Distance & Priority Violation,Slight Injury,1.0986122886681096,0.6931471805599453
17:25:00,Sunday,Dewasa,Male,Junior high school,Employee,5-10yr,Commercial Vehicle,Owner,Above 10yr,No defect,Other,Other,Tangent road with flat terrain,Crossing,Other,Dry,Daylight,Normal,Vehicle with vehicle collision,2,1,Going straight,3,Reckless Driving,Slight Injury,1.0986122886681096,0.6931471805599453
8:39:00,Tuesday,Dewasa,Male,Elementary school,Owner,2-5yr,Private Vehicle,Owner,Below 1yr,,Other,Other,Tangent road with flat terrain,No junction,Gravel roads,Dry,Daylight,Normal,Vehicle with vehicle collision,1,1,Going straight,3,Distance & Priority Violation,Serious Injury,0.6931471805599453,0.6931471805599453
18:31:00,Tuesday,Dewasa,Male,Elementary school,Employee,Below 1yr,Public Transport,Owner,2-5yrs,,Office areas,Other,Tangent road with flat terrain,Y Shape,Gravel roads,Dry,Daylight,Normal,Collision with roadside objects,2,2,Going straight,3,Distance & Priority Violation,Serious Injury,1.0986122886681096,1.0986122886681096
18:31:00,Tuesday,Dewasa,Male,,,,Private Vehicle,Owner,2-5yrs,,Office areas,Other,Tangent road with flat terrain,Y Shape,Asphalt roads,Dry,Daylight,Normal,Vehicle with vehicle collision,2,2,Overtaking,3,Distance & Priority Violation,Serious Injury,1.0986122886681096,1.0986122886681096
11:30:00,Tuesday,Lansia,Male,Junior high school,Employee,Above 10yr,Public Transport,Owner,2-5yrs,No defect,Other,Other,Tangent road with flat terrain,Y Shape,Asphalt roads,Dry,Daylight,Normal,Vehicle with vehicle collision,3,3,Going straight,3,Distance & Priority Violation,Slight Injury,1.3862943611198906,1.3862943611198906
11:30:00,Tuesday,Dewasa,Male,High school,Employee,1-2yr,Commercial Vehicle,Owner,Below 1yr,No defect, Hospital areas,Other,Tangent road with flat terrain,Y Shape,Earth roads,Dry,Daylight,Normal,Vehicle with vehicle collision,3,3,Going straight,3,Distance & Priority Violation,Slight Injury,1.3862943611198906,1.3862943611198906
11:30:00,Tuesday,Lansia,Male,Junior high school,Owner,5-10yr,Private Vehicle,Owner,2-5yrs,,Other,Other,Tangent road with flat terrain,Y Shape,Asphalt roads,Dry,Daylight,Normal,Vehicle with vehicle collision,3,3,Going straight,3,Moving Backward,Slight Injury,1.3862943611198906,1.3862943611198906
15:45:00,Thursday,Dewasa,Male,Junior high school,Employee,1-2yr,Commercial Vehicle,Owner,,,Other,Other,Tangent road with flat terrain,Y Shape,Asphalt roads,Dry,Daylight,Normal,Collision with roadside objects,2,1,Turnover,3,Distance & Priority Violation,Serious Injury,1.0986122886681096,0.6931471805599453
15:45:00,Thursday,Remaja,Male,Junior high school,Employee,Above 10yr,Commercial Vehicle,Owner,,,Other,Other,Tangent road with flat terrain,Y Shape,Asphalt roads,Dry,Daylight,Normal,Vehicle with vehicle collision,2,1,Going straight,3,Unsafe Lane Change,Serious Injury,1.0986122886681096,0.6931471805599453
12:20:00,Friday,Dewasa,Male,Junior high school,Employee,Below 1yr,Commercial Vehicle,,,,Other,Divided Road (Median),Tangent road with flat terrain,No junction,Asphalt roads,Dry,Daylight,Normal,Vehicle with vehicle collision,1,1,Going straight,3,Unsafe Lane Change,Slight Injury,0.6931471805599453,0.6931471805599453
19:25:00,Friday,Dewasa,Male,Elementary school,Employee,2-5yr,Other,Governmental,,No defect,Other,Other,Tangent road with mild grade and flat terrain,Crossing,Earth roads,Dry,Daylight,Normal,Collision with roadside objects,3,5,Getting off,2,Distance & Priority Violation,Serious Injury,1.3862943611198906,1.791759469228055
19:25:00,Friday,Dewasa,Male,Junior high school,Employee,5-10yr,Private Vehicle,Owner,Above 10yr,No defect, Hospital areas,Other,Tangent road with flat terrain,Crossing,Asphalt roads,Dry,Daylight,Normal,Vehicle with vehicle collision,3,5,Moving Backward,3,Moving Backward,Serious Injury,1.3862943611198906,1.791759469228055
19:25:00,Friday,Dewasa,Male,Elementary school,Employee,5-10yr,Private Vehicle,,Above 10yr,No defect,Other,Other,Tangent road with flat terrain,Crossing,Asphalt roads,Dry,Daylight,Normal,Collision with roadside objects,3,5,Getting off,3,Unsafe Lane Change,Serious Injury,1.3862943611198906,1.791759469228055
19:25:00,Friday,Dewasa,Male,Junior high school,Owner,1-2yr,Commercial Vehicle,Owner,,No defect,Other,One Way,Tangent road with flat terrain,Crossing,Asphalt roads,Dry,Daylight,Normal,Vehicle with vehicle collision,3,5,Overtaking,3,Distance & Priority Violation,Serious Injury,1.3862943611198906,1.791759469228055
19:25:00,Friday,Dewasa,Male,Junior high school,Employee,5-10yr,Public Transport,Owner,2-5yrs,No defect,Other,Other,Tangent road with mild grade and flat terrain,Crossing,Asphalt roads,Dry,Daylight,Normal,Vehicle with vehicle collision,3,5,Going straight,3,Distance & Priority Violation,Serious Injury,1.3862943611198906,1.791759469228055
19:25:00,Friday,Dewasa,Male,Unknown,Other,,Private Vehicle,Owner,,,Office areas,Other,Tangent road with flat terrain,Crossing,Asphalt roads,Dry,Daylight,Normal,Vehicle with vehicle collision,3,5,Going straight,3,Unsafe Lane Change,Serious Injury,1.3862943611198906,1.791759469228055
19:25:00,Friday,Dewasa,Male,High school,Employee,2-5yr,Commercial Vehicle,Owner,Unknown,,Residential areas,Other,Tangent road with flat terrain,Crossing,Asphalt roads,Dry,Daylight,Normal,Vehicle with vehicle collision,3,5,Going straight,3,Distance & Priority Violation,Serious Injury,1.3862943611198906,1.791759469228055
19:00:00,Tuesday,Remaja,Male,Junior high school,Employee,1-2yr,Commercial Vehicle,Owner,2-5yrs,No defect,Other,Other,Tangent road with flat terrain,No junction,Asphalt roads,Wet or damp,Daylight,Normal,Vehicle with vehicle collision,2,1,Reversing,3,Distance & Priority Violation,Slight Injury,1.0986122886681096,0.6931471805599453
19:00:00,Tuesday,Lansia,Male,Junior high school,Employee,5-10yr,Commercial Vehicle,Owner,Unknown,,Residential areas,Other,Tangent road with flat terrain,No junction,Asphalt roads,Wet or damp,Daylight,Normal,Vehicle with vehicle collision,2,1,Getting off,3,Improper Parking/Exit,Slight Injury,1.0986122886681096,0.6931471805599453
20:05:00,Monday,Dewasa,Male,Junior high school,Employee,2-5yr,Private Vehicle,Owner,Unknown,,Other,Other,Tangent road with flat terrain,Y Shape,Asphalt roads,Dry,Daylight,Normal,Vehicle with vehicle collision,2,1,Going straight,3,Distance & Priority Violation,Slight Injury,1.0986122886681096,0.6931471805599453
20:05:00,Monday,Dewasa,Male,Junior high school,Employee,No Licence,,Owner,2-5yrs,,Residential areas,Divided Road (Median),Tangent road with flat terrain,Y Shape,Asphalt roads,Dry,Daylight,Normal,Vehicle with vehicle collision,2,1,Going straight,3,Unsafe Lane Change,Slight Injury,1.0986122886681096,0.6931471805599453
0:18:00,Sunday,Dewasa,Male,Junior high school,Employee,Above 10yr,Private Vehicle,Owner,,,Office areas,Other,Tangent road with flat terrain,No junction,Earth roads,Dry,Darkness - lights lit,Normal,Collision with pedestrians,2,2,Going straight,3,Distance & Priority Violation,Serious Injury,1.0986122886681096,1.0986122886681096
0:18:00,Sunday,Lansia,Male,Junior high school,Employee,Above 10yr,Public Transport,Owner,5-10yrs,,Office areas,Other,Tangent road with mild grade and flat terrain,No junction,Asphalt roads,Dry,Darkness - lights lit,Normal,Collision with roadside objects,2,2,Reversing,3,Reckless Driving,Serious Injury,1.0986122886681096,1.0986122886681096
15:30:00,Friday,Dewasa,Male,Junior high school,Employee,5-10yr,Public Transport,Owner,Unknown,,Office areas,Divided Road (Median),Tangent road with flat terrain,Y Shape,Asphalt roads,Dry,Daylight,Normal,Vehicle with vehicle collision,2,1,Going straight,3,Distance & Priority Violation,Slight Injury,1.0986122886681096,0.6931471805599453
15:30:00,Friday,Dewasa,Male,High school,Employee,2-5yr,Other,Owner,,,  Recreational areas,Other,Tangent road with flat terrain,Y Shape,Asphalt roads,Dry,Daylight,Normal,Vehicle with vehicle collision,2,1,Stopping,3,Unsafe Lane Change,Slight Injury,1.0986122886681096,0.6931471805599453
21:41:00,Saturday,Dewasa,Male,High school,Owner,2-5yr,Private Vehicle,Owner,,,Other,Other,Tangent road with flat terrain,Crossing,Asphalt roads,Dry,Darkness - lights lit,Normal,Collision with roadside objects,2,2,Overtaking,3,Reckless Driving,Slight Injury,1.0986122886681096,1.0986122886681096
21:41:00,Saturday,Dewasa,Male,Junior high school,Employee,Below 1yr,Private Vehicle,Owner,,,Other,Other,Tangent road with flat terrain,Crossing,Earth roads,Dry,Darkness - lights lit,Normal,Vehicle with vehicle collision,2,2,Going straight,3,Reckless Driving,Slight Injury,1.0986122886681096,1.0986122886681096
8:30:00,Tuesday,Dewasa,Male,Junior high school,Owner,Above 10yr,Public Transport,Owner,5-10yrs,,Other,Other,Tangent road with flat terrain,Y Shape,Asphalt roads,Dry,Daylight,Normal,Vehicle with vehicle collision,2,1,Reversing,3,Moving Backward,Slight Injury,1.0986122886681096,0.6931471805599453
8:30:00,Tuesday,Dewasa,Male,Junior high school,Employee,Above 10yr,Public Transport,Owner,,,Other,Divided Road (Median),Tangent road with flat terrain,Y Shape,Asphalt roads,Dry,Daylight,Normal,Collision with pedestrians,2,1,Going straight,3,Distance & Priority Violation,Slight Injury,1.0986122886681096,0.6931471805599453
12:46:00,Tuesday,Dewasa,Male,Elementary school,Employee,2-5yr,Private Vehicle,Owner,2-5yrs,No defect,Other,Other,Tangent road with mountainous terrain and,Y Shape,Asphalt roads,Dry,Daylight,Normal,Vehicle with vehicle collision,2,3,Going straight,3,Reckless Driving,Slight Injury,1.0986122886681096,1.3862943611198906
12:46:00,Tuesday,Dewasa,Male,Junior high school,Employee,2-5yr,Other,Owner,2-5yrs,No defect,Office areas,Other,Tangent road with flat terrain,Y Shape,Asphalt roads,Dry,Daylight,Normal,Collision with pedestrians,2,3,Reversing,3,Reckless Driving,Slight Injury,1.0986122886681096,1.3862943611198906
12:46:00,Tuesday,Dewasa,Male,Unknown,Employee,Above 10yr,Commercial Vehicle,Owner,Above 10yr,No defect,Office areas,Other,Tangent road with flat terrain,Y Shape,Asphalt roads,Dry,Daylight,Normal,Vehicle with vehicle collision,2,3,Going straight,3,Reckless Driving,Slight Injury,1.0986122886681096,1.3862943611198906
21:10:00,Monday,Dewasa,Male,Elementary school,Employee,5-10yr,Commercial Vehicle,Owner,Unknown,No defect,Office areas,One Way,Tangent road with flat terrain,Crossing,Asphalt roads,Wet or damp,Darkness - lights lit,Normal,Vehicle with vehicle collision,2,3,Waiting to go,3,Moving Backward,Slight Injury,1.0986122886681096,1.3862943611198906
21:10:00,Monday,Dewasa,Male,Junior high school,Employee,Below 1yr,Private Vehicle,Owner,Above 10yr,No defect,Residential areas,Divided Road (Median),Tangent road with flat terrain,Crossing,Asphalt roads,Wet or damp,Darkness - lights lit,Normal,Collision with roadside objects,2,3,Going straight,3,Reckless Driving,Slight Injury,1.0986122886681096,1.3862943611198906
21:10:00,Monday,Dewasa,Male,Elementary school,Employee,Below 1yr,Private Vehicle,Governmental,Below 1yr,No defect,  Recreational areas,Other,Tangent road with flat terrain,Crossing,Asphalt roads,Wet or damp,Darkness - lights lit,Normal,Vehicle with vehicle collision,2,3,Going straight,3,Unsafe Driving,Slight Injury,1.0986122886681096,1.3862943611198906
15:30:00,Friday,Unknwon,Female,Junior high school,Employee,Below 1yr,Commercial Vehicle,Owner,Unknown,No defect, Church areas,Divided Road (Median),Tangent road with flat terrain,Y Shape,Other,Dry,Daylight,Normal,Vehicle with vehicle collision,3,1,Going straight,3,Unsafe Lane Change,Serious Injury,1.3862943611198906,0.6931471805599453
15:30:00,Friday,Dewasa,Male,Junior high school,Employee,5-10yr,,Owner,Unknown,No defect,Office areas,Other,Tangent road with flat terrain,Y Shape,Asphalt roads,Dry,Daylight,Normal,Vehicle with vehicle collision,3,1,Going straight,3,Distance & Priority Violation,Serious Injury,1.3862943611198906,0.6931471805599453
15:30:00,Friday,Dewasa,Male,Junior high school,Owner,5-10yr,Other,Owner,Unknown,No defect,Other,Other,Tangent road with flat terrain,Y Shape,Asphalt roads,Dry,Daylight,Normal,Collision with pedestrians,3,1,Getting off,3,Distance & Priority Violation,Serious Injury,1.3862943611198906,0.6931471805599453
9:40:00,Saturday,Dewasa,Male,High school,Owner,5-10yr,Private Vehicle,Owner,,,Residential areas,Other,Steep grade downward with mountainous terrain,Y Shape,Asphalt roads,Dry,Daylight,Normal,Collision with roadside objects,2,3,Going straight,3,Unsafe Lane Change,Slight Injury,1.0986122886681096,1.3862943611198906
9:40:00,Saturday,Dewasa,Male,Junior high school,Employee,5-10yr,Private Vehicle,Owner,,No defect,School areas,Other,Tangent road with flat terrain,Y Shape,Asphalt roads,Dry,Daylight,Normal,Collision with pedestrians,2,3,Going straight,3,DUI (Drugs/Alcohol),Slight Injury,1.0986122886681096,1.3862943611198906
9:40:00,Saturday,Dewasa,Male,Junior high school,Employee,2-5yr,Private Vehicle,Owner,1-2yr,No defect,Office areas,Other,Tangent road with flat terrain,Y Shape,Asphalt roads,Dry,Daylight,Normal,Vehicle with vehicle collision,2,3,Going straight,3,Unsafe Lane Change,Slight Injury,1.0986122886681096,1.3862943611198906
19:16:00,Tuesday,Dewasa,Male,Elementary school,Employee,5-10yr,Private Vehicle,Owner,Above 10yr,No defect,Other,Other,Tangent road with flat terrain,Y Shape,Asphalt roads,Dry,Daylight,Normal,Vehicle with vehicle collision,2,1,Reversing,3,Unsafe Lane Change,Serious Injury,1.0986122886681096,0.6931471805599453
19:16:00,Tuesday,Dewasa,Male,Junior high school,Employee,2-5yr,Commercial Vehicle,Owner,Unknown,No defect,Other,Other,Tangent road with flat terrain,Y Shape,Asphalt roads,Dry,Daylight,Normal,Vehicle with vehicle collision,2,1,Turnover,3,Moving Backward,Serious Injury,1.0986122886681096,0.6931471805599453
16:59:00,Monday,Dewasa,Male,Junior high school,Employee,Below 1yr,Other,Organization,2-5yrs,,Office areas,Other,Tangent road with mountainous terrain and,Y Shape,Earth roads,Dry,Daylight,Normal,Vehicle with vehicle collision,1,1,Going straight,3,Distance & Priority Violation,Slight Injury,0.6931471805599453,0.6931471805599453
15:30:00,Wednesday,Remaja,Male,Elementary school,Employee,2-5yr,Commercial Vehicle,Owner,,,Office areas,Other,Tangent road with flat terrain,Y Shape,Asphalt roads,Wet or damp,Daylight,Raining,Vehicle with vehicle collision,2,1,Going straight,3,Unsafe Lane Change,Serious Injury,1.0986122886681096,0.6931471805599453
15:30:00,Wednesday,Lansia,Male,Junior high school,Employee,2-5yr,Private Vehicle,Owner,5-10yrs,,Other,Other,Tangent road with flat terrain,Y Shape,Asphalt roads,Wet or damp,Daylight,Raining,Collision with roadside objects,2,1,Going straight,3,Moving Backward,Serious Injury,1.0986122886681096,0.6931471805599453
12:11:00,Tuesday,Lansia,Male,Junior high school,Employee,2-5yr,Other,Owner,5-10yrs,No defect,Office areas,Other,Tangent road with flat terrain,No junction,Asphalt roads,Dry,Daylight,Normal,Collision with roadside objects,1,1,Going straight,3,Distance & Priority Violation,Serious Injury,0.6931471805599453,0.6931471805599453
17:30:00,Tuesday,Unknwon,Female,Junior high school,Employee,5-10yr,Commercial Vehicle,Owner,2-5yrs,No defect, Industrial areas,Other,Tangent road with flat terrain,No junction,Asphalt roads,Dry,Daylight,Normal,Vehicle with vehicle collision,1,1,Getting off,3,Unsafe Driving,Serious Injury,0.6931471805599453,0.6931471805599453
21:30:00,Wednesday,Remaja,Male,Junior high school,Employee,5-10yr,Private Vehicle,Owner,Unknown,No defect,Office areas,Other,Tangent road with flat terrain,Crossing,Asphalt roads,Wet or damp,Darkness - lights lit,Raining,Vehicle with vehicle collision,2,1,Going straight,3,Unsafe Driving,Slight Injury,1.0986122886681096,0.6931471805599453
21:30:00,Wednesday,Dewasa,Male,Junior high school,Employee,,Commercial Vehicle,Owner,,,Other,Other,Tangent road with flat terrain,Crossing,Asphalt roads,Wet or damp,Darkness - lights lit,Raining,Vehicle with vehicle collision,2,1,Going straight,3,Moving Backward,Slight Injury,1.0986122886681096,0.6931471805599453
12:17:00,Thursday,Dewasa,Male,Junior high school,Owner,5-10yr,Private Vehicle,Owner,Above 10yr,,Other,Other,Tangent road with flat terrain,No junction,Asphalt roads,Dry,Daylight,Normal,Vehicle with vehicle collision,3,2,Going straight,3,Moving Backward,Slight Injury,1.3862943611198906,1.0986122886681096
12:17:00,Thursday,Lansia,Male,Junior high school,Employee,2-5yr,,Owner,Unknown,,Office areas,Other,Tangent road with flat terrain,No junction,Asphalt roads,Dry,Daylight,Normal,Vehicle with vehicle collision,3,2,Going straight,3,Reckless Driving,Slight Injury,1.3862943611198906,1.0986122886681096
12:17:00,Thursday,Dewasa,Male,Junior high school,Employee,Below 1yr,Private Vehicle,,,, Church areas,Other,Tangent road with flat terrain,No junction,Asphalt roads,Dry,Daylight,Normal,Vehicle with vehicle collision,3,2,Going straight,3,Reckless Driving,Slight Injury,1.3862943611198906,1.0986122886681096
2:42:00,Saturday,Dewasa,Male,Junior high school,Employee,1-2yr,Private Vehicle,Owner,,,Office areas,Other,Tangent road with flat terrain,Y Shape,Asphalt roads,Dry,Darkness - lights lit,Unknown,Vehicle with vehicle collision,2,1,Going straight,3,Unsafe Lane Change,Slight Injury,1.0986122886681096,0.6931471805599453
2:42:00,Saturday,Unknwon,Female,Junior high school,Employee,Below 1yr,Special Vehicle,Owner,,,Residential areas,Other,Tangent road with flat terrain,Y Shape,Asphalt roads,Dry,Darkness - lights lit,Unknown,Vehicle with vehicle collision,2,1,Going straight,3,DUI (Drugs/Alcohol),Slight Injury,1.0986122886681096,0.6931471805599453
15:15:00,Thursday,Dewasa,Male,Junior high school,Employee,Above 10yr,,Owner,Unknown,No defect,  Recreational areas,Other,Tangent road with flat terrain,Y Shape,Asphalt roads,Dry,Daylight,Normal,Vehicle with vehicle collision,2,1,Going straight,3,Distance & Priority Violation,Serious Injury,1.0986122886681096,0.6931471805599453
15:15:00,Thursday,Lansia,Male,Junior high school,Employee,Below 1yr,Private Vehicle,Governmental,5-10yrs,,Other,Other,Tangent road with flat terrain,Y Shape,Asphalt roads,Dry,Daylight,Normal,Vehicle with vehicle collision,2,1,Going straight,3,Moving Backward,Serious Injury,1.0986122886681096,0.6931471805599453
7:15:00,Wednesday,Dewasa,Male,Junior high school,Employee,2-5yr,Private Vehicle,Owner,Unknown,No defect, Church areas,Other,Tangent road with flat terrain,Y Shape,Asphalt roads,Dry,Daylight,Normal,Other,2,1,Going straight,3,Unsafe Lane Change,Slight Injury,1.0986122886681096,0.6931471805599453
7:15:00,Wednesday,Dewasa,Male,Junior high school,Employee,1-2yr,Private Vehicle,Owner,Unknown,No defect,Other,One Way,Tangent road with flat terrain,Y Shape,Asphalt roads,Dry,Daylight,Normal,Vehicle with vehicle collision,2,1,Reversing,3,Unsafe Lane Change,Slight Injury,1.0986122886681096,0.6931471805599453
21:09:00,Tuesday,Dewasa,Male,Elementary school,Employee,5-10yr,Private Vehicle,Owner,Above 10yr,No defect,Other,Other,Tangent road with flat terrain,Unknown,Earth roads,Wet or damp,Darkness - lights lit,Raining,Collision with roadside objects,1,1,Going straight,3,Distance & Priority Violation,Serious Injury,0.6931471805599453,0.6931471805599453
7:30:00,Tuesday,Dewasa,Male,Junior high school,Owner,Below 1yr,Commercial Vehicle,Owner,5-10yrs,, Church areas,Other,Tangent road with flat terrain,No junction,Asphalt roads,Wet or damp,Daylight,Normal,Vehicle with vehicle collision,1,1,Turnover,3,Speeding,Serious Injury,0.6931471805599453,0.6931471805599453
8:50:00,Friday,Dewasa,Male,Junior high school,Employee,Below 1yr,Commercial Vehicle,Owner,Unknown,,Office areas,Other,Tangent road with mild grade and flat terrain,Crossing,,Dry,Daylight,Normal,Vehicle with vehicle collision,1,1,Going straight,3,Unsafe Lane Change,Slight Injury,0.6931471805599453,0.6931471805599453
8:00:00,Wednesday,Dewasa,Male,Writing & reading,Employee,Below 1yr,Commercial Vehicle,Owner,Unknown,,Office areas,Divided Road (Median),Tangent road with flat terrain,Y Shape,Asphalt roads,Dry,Daylight,Normal,Vehicle with vehicle collision,2,1,Going straight,3,Distance & Priority Violation,Slight Injury,1.0986122886681096,0.6931471805599453
8:00:00,Wednesday,Dewasa,Male,Junior high school,Employee,1-2yr,Private Vehicle,Organization,5-10yrs,No defect, Church areas,Other,Tangent road with flat terrain,Y Shape,Asphalt roads,Dry,Daylight,Normal,Vehicle with vehicle collision,2,1,Going straight,3,Distance & Priority Violation,Slight Injury,1.0986122886681096,0.6931471805599453
9:15:00,Sunday,Dewasa,Male,Elementary school,Owner,5-10yr,Commercial Vehicle,Organization,2-5yrs,No defect,Other,Other,Tangent road with mountainous terrain and,No junction,Asphalt roads,Dry,Daylight,Normal,Vehicle with vehicle collision,2,1,Going straight,3,Reckless Driving,Slight Injury,1.0986122886681096,0.6931471805599453
9:15:00,Sunday,Dewasa,Male,Junior high school,Employee,2-5yr,Commercial Vehicle,Owner,Unknown,No defect,Other,Other,Tangent road with flat terrain,No junction,Asphalt roads,Dry,Daylight,Normal,Vehicle with vehicle collision,2,1,Reversing,3,Distance & Priority Violation,Slight Injury,1.0986122886681096,0.6931471805599453
20:05:00,Friday,Unknwon,Female,Junior high school,Owner,Below 1yr,Commercial Vehicle,Owner,Unknown,No defect, Church areas,Other,Tangent road with flat terrain,Y Shape,Asphalt roads,Dry,Darkness - lights lit,Normal,Collision with roadside objects,2,1,Going straight,3,Unsafe Lane Change,Slight Injury,1.0986122886681096,0.6931471805599453
20:05:00,Friday,Dewasa,Male,Writing & reading,Employee,5-10yr,Commercial Vehicle,Owner,5-10yrs,No defect, Industrial areas,Other,Tangent road with mild grade and flat terrain,Y Shape,Asphalt roads,Dry,Darkness - lights lit,Normal,Collision with roadside objects,2,1,Turnover,3,Distance & Priority Violation,Slight Injury,1.0986122886681096,0.6931471805599453
13:00:00,Tuesday,Dewasa,Male,Writing & reading,Employee,5-10yr,Private Vehicle,Owner,Unknown,No defect,Office areas,Other,Tangent road with flat terrain,No junction,Asphalt roads,Dry,Daylight,Normal,Vehicle with vehicle collision,2,2,Going straight,3,Unsafe Lane Change,Slight Injury,1.0986122886681096,1.0986122886681096
13:00:00,Tuesday,Dewasa,Male,Junior high school,Employee,5-10yr,Private Vehicle,Owner,Unknown,No defect,School areas,Other,Tangent road with flat terrain,No junction,Asphalt roads,Dry,Daylight,Normal,Collision with roadside objects,2,2,Going straight,3,Reckless Driving,Slight Injury,1.0986122886681096,1.0986122886681096
17:40:00,Saturday,Dewasa,Male,Junior high school,Employee,2-5yr,Private Vehicle,Owner,Unknown,No defect,Other,Other,Tangent road with flat terrain,Y Shape,Asphalt roads,Dry,Daylight,Normal,Collision with roadside objects,2,1,Going straight,3,Unsafe Lane Change,Serious Injury,1.0986122886681096,0.6931471805599453
17:40:00,Saturday,Lansia,Male,Junior high school,Employee,Above 10yr,Public Transport,Owner,Unknown,No defect, Church areas,One Way,Tangent road with flat terrain,Y Shape,Gravel roads,Dry,Daylight,Normal,Vehicle with vehicle collision,2,1,Going straight,3,Distance & Priority Violation,Serious Injury,1.0986122886681096,0.6931471805599453
16:24:00,Wednesday,Dewasa,Male,Junior high school,Employee,5-10yr,Private Vehicle,Owner,Unknown,No defect,Office areas,Other,Tangent road with flat terrain,Y Shape,Asphalt roads,Dry,Daylight,Normal,Vehicle with vehicle collision,2,1,Going straight,3,Distance & Priority Violation,Slight Injury,1.0986122886681096,0.6931471805599453
16:24:00,Wednesday,Dewasa,Male,Junior high school,Employee,Above 10yr,Public Transport,Owner,Unknown,No defect,Other,Other,Steep grade downward with mountainous terrain,Y Shape,Asphalt roads,Dry,Daylight,Normal,Collision with roadside objects,2,1,Getting off,3,Distance & Priority Violation,Slight Injury,1.0986122886681096,0.6931471805599453
11:10:00,Friday,Lansia,Male,Junior high school,Employee,2-5yr,Public Transport,Owner,2-5yrs,No defect,Other,Other,Tangent road with flat terrain,Y Shape,Asphalt roads,Dry,Daylight,Normal,Vehicle with vehicle collision,2,1,Moving Backward,3,Distance & Priority Violation,Slight Injury,1.0986122886681096,0.6931471805599453
11:10:00,Friday,Dewasa,Male,Junior high school,Employee,Below 1yr,Private Vehicle,Owner,Unknown,,Other,Other,Tangent road with flat terrain,Y Shape,Asphalt roads,Dry,Daylight,Normal,Vehicle with vehicle collision,2,1,Going straight,3,Distance & Priority Violation,Slight Injury,1.0986122886681096,0.6931471805599453
14:21:00,Friday,Dewasa,Male,Junior high school,Employee,Below 1yr,Commercial Vehicle,Owner,2-5yrs,,Other,One Way,Tangent road with flat terrain,Crossing,Asphalt roads,Dry,Daylight,Normal,Vehicle with vehicle collision,1,1,Turnover,3,Unsafe Lane Change,Slight Injury,0.6931471805599453,0.6931471805599453