Time,Day_of_week,Age_band_of_driver,Sex_of_driver,Educational_level,Vehicle_driver_relation,Driving_experience,Type_of_vehicle,Owner_of_vehicle,Service_year_of_vehicle,Defect_of_vehicle,Area_accident_occured,Lanes_or_Medians,Road_allignment,Types_of_Junction,Road_surface_type,Road_surface_conditions,Light_conditions,Weather_conditions,Type_of_collision,Number_of_vehicles_involved,Number_of_casualties,Vehicle_movement,Casualty_severity,Cause_of_accident,Accident_severity,Number_of_vehicles_involved_log,Number_of_casualties_log
10:30:00,Friday,Dewasa,Male,Junior high school,Employee,1-2yr,Other,Owner,Unknown,,Other,Other,Tangent road with flat terrain,O Shape,Asphalt roads,Wet or damp,Daylight,Other,Vehicle with vehicle collision,3,1,Going straight,3,Reckless Driving,Slight Injury,1.3862943611198906,0.6931471805599453
10:30:00,Friday,Unknwon,Female,High school,Employee,5-10yr,Commercial Vehicle,Owner,5-10yrs,,Other,One Way,Tangent road with flat terrain,O Shape,Asphalt roads,Wet or damp,Daylight,Other,Collision with pedestrians,3,1,Other,3,Unsafe Lane Change,Slight Injury,1.3862943611198906,0.6931471805599453
19:35:00,Thursday,Dewasa,Male,Elementary school,Employee,2-5yr,Private Vehicle,Owner,Unknown,No defect,Other,Other,Tangent road with flat terrain,Y Shape,Asphalt roads,Dry,Darkness - lights lit,Normal,Vehicle with vehicle collision,1,1,Going straight,3,Reckless Driving,Slight Injury,0.6931471805599453,0.6931471805599453
14:30:00,Friday,Dewasa,Male,Junior high school,Employee,1-2yr,Commercial Vehicle,Owner,2-5yrs,No defect,Other,Other,Tangent road with flat terrain,Crossing,Asphalt roads,Dry,Daylight,Unknown,Vehicle with vehicle collision,2,1,Other,3,Reckless Driving,Slight Injury,1.0986122886681096,0.6931471805599453
14:30:00,Friday,Dewasa,Male,Elementary school,Employee,1-2yr,Commercial Vehicle,Owner,Unknown,No defect,School areas,Other,Tangent road with flat terrain,Crossing,Asphalt roads,Dry,Daylight,Unknown,Vehicle with vehicle collision,2,1,Going straight,3,Reckless Driving,Slight Injury,1.0986122886681096,0.6931471805599453
17:15:00,Tuesday,Dewasa,Male,High school,Employee,No Licence,Commercial Vehicle,Owner,,No defect,Office areas,Other,Tangent road with flat terrain,Y Shape,Gravel roads,Dry,Daylight,Normal,Rollover,2,1,Reversing,3,Unsafe Lane Change,Slight Injury,1.0986122886681096,0.6931471805599453
17:15:00,Tuesday,Dewasa,Male,Junior high school,Owner,5-10yr,Commercial Vehicle,Owner,Unknown,No defect,Office areas,Other,Tangent road with flat terrain,Y Shape,Asphalt roads,Dry,Daylight,Normal,Collision with roadside objects,2,1,,3,Unsafe Lane Change,Slight Injury,1.0986122886681096,0.6931471805599453
17:00:00,Wednesday,Dewasa,Male,Junior high school,Employee,1-2yr,Public Transport,Owner,5-10yrs,No defect,Office areas,Other,Tangent road with flat terrain,No junction,Asphalt roads,Dry,Daylight,Normal,Vehicle with vehicle collision,1,1,Going straight,3,Reckless Driving,Slight Injury,0.6931471805599453,0.6931471805599453
15:05:00,Wednesday,Lansia,Male,Junior high school,Employee,2-5yr,Public Transport,Owner,Unknown,No defect,School areas,Other,Tangent road with flat terrain,Y Shape,Asphalt roads,Dry,Daylight,Normal,Vehicle with vehicle collision,3,1,Going straight,3,Reckless Driving,Serious Injury,1.3862943611198906,0.6931471805599453
15:05:00,Wednesday,Dewasa,Male,Junior high school,Employee,5-10yr,Private Vehicle,Governmental,,No defect,School areas,Other,Tangent road with flat terrain,Y Shape,Other,Dry,Daylight,Normal,Collision with roadside objects,3,1,Going straight,3,Unsafe Lane Change,Serious Injury,1.3862943611198906,0.6931471805599453
15:05:00,Wednesday,Dewasa,Male,,,,Private Vehicle,Owner,,No defect,Office areas,Other,Tangent road with flat terrain,Y Shape,Asphalt roads,Dry,Daylight,Normal,Vehicle with vehicle collision,3,1,Going straight,3,Distance & Priority Violation,Serious Injury,1.3862943611198906,0.6931471805599453
13:25:00,Tuesday,Dewasa,Male,,,,Private Vehicle,Owner,,No defect,Office areas,Other,Tangent road with flat terrain,Y Shape,Asphalt roads,Wet or damp,Daylight,Normal,Vehicle with vehicle collision,1,1,Going straight,3,Other/Unknown,Slight Injury,0.6931471805599453,0.6931471805599453
18:15:00,Saturday,Lansia,Male,Junior high school,Employee,2-5yr,Other,Governmental,Above 10yr,No defect,School areas,Other,Tangent road with flat terrain,Y Shape,Asphalt roads,Dry,Daylight,Normal,Vehicle with vehicle collision,1,1,Going straight,3,Unsafe Lane Change,Slight Injury,0.6931471805599453,0.6931471805599453
16:40:00,Saturday,Lansia,Male,Junior high school,Employee,Above 10yr,Public Transport,Owner,1-2yr,No defect,,Other,Tangent road with flat terrain,Crossing,Asphalt roads,Dry,Daylight,Normal,Rollover,2,2,Other,3,Unsafe Lane Change,Slight Injury,1.0986122886681096,1.0986122886681096
16:40:00,Saturday,Dewasa,Male,Junior high school,Owner,Above 10yr,Private Vehicle,Owner,Above 10yr,No defect,Other,Other,Tangent road with flat terrain,Crossing,Asphalt roads,Dry,Daylight,Normal,Rollover,2,2,Going straight,3,Reckless Driving,Slight Injury,1.0986122886681096,1.0986122886681096
12:25:00,Saturday,Dewasa,Male,,,,Private Vehicle,Owner,Below 1yr,No defect,Other,Other,Tangent road with flat terrain,No junction,Asphalt roads,Dry,Daylight,Normal,Collision with pedestrians,2,1,Going straight,3,Other/Unknown,Slight Injury,1.0986122886681096,0.6931471805599453
12:25:00,Saturday,Dewasa,Male,Elementary school,Owner,Above 10yr,Private Vehicle,Owner,Above 10yr,No defect,Other,Other,Tangent road with flat terrain,No junction,Asphalt roads,Dry,Daylight,Normal,Vehicle with vehicle collision,2,1,Going straight,3,Unsafe Driving,Slight Injury,1.0986122886681096,0.6931471805599453
23:30:00,Monday,Dewasa,Male,,,,Private Vehicle,Owner,Unknown,No defect,Residential areas,Other,Tangent road with flat terrain,Crossing,Asphalt roads,Dry,Darkness - lights lit,Normal,Vehicle with vehicle collision,2,2,Going straight,3,Reckless Driving,Slight Injury,1.0986122886681096,1.0986122886681096
23:30:00,Monday,Dewasa,Male,Junior high school,Owner,5-10yr,Private Vehicle,Governmental,1-2yr,No defect,Other,Other,Tangent road with flat terrain,Crossing,Asphalt roads,Dry,Darkness - lights lit,Normal,Vehicle with vehicle collision,2,2,Reversing,2,Distance & Priority Violation,Slight Injury,1.0986122886681096,1.0986122886681096
23:30:00,Monday,Dewasa,Male,Junior high school,Owner,Above 10yr,,Owner,1-2yr,No defect,Other,Other,Tangent road with flat terrain,Crossing,Asphalt roads,Dry,Darkness - lights lit,Normal,Collision with pedestrians,2,2,Going straight,3,Moving Backward,Slight Injury,1.0986122886681096,1.0986122886681096
17:30:00,Tuesday,Lansia,Male,High school,Owner,Above 10yr,,Owner,,No defect, Industrial areas,Other,Tangent road with flat terrain,No junction,Asphalt roads,Dry,Daylight,Normal,Collision with pedestrians,1,1,Going straight,3,Other/Unknown,Slight Injury,0.6931471805599453,0.6931471805599453
17:00:00,Monday,Dewasa,Male,,,,Commercial Vehicle,Owner,,No defect,  Recreational areas,Other,Tangent road with flat terrain,Y Shape,Asphalt roads,Wet or damp,Daylight,Raining,Vehicle with vehicle collision,2,1,Other,3,Distance & Priority Violation,Slight Injury,1.0986122886681096,0.6931471805599453
17:00:00,Monday,Dewasa,Male,Elementary school,Employee,5-10yr,Special Vehicle,Owner,Above 10yr,No defect, Church areas,Other,Tangent road with flat terrain,Y Shape,Asphalt roads,Wet or damp,Daylight,Raining,Vehicle with vehicle collision,2,1,Going straight,3,Distance & Priority Violation,Slight Injury,1.0986122886681096,0.6931471805599453
19:40:00,Sunday,Dewasa,Male,Elementary school,Owner,Above 10yr,Commercial Vehicle,Owner,,,Office areas,Other,Tangent road with flat terrain,Y Shape,Asphalt roads,Dry,Darkness - lights lit,Normal,Vehicle with vehicle collision,2,1,Going straight,3,Unsafe Lane Change,Slight Injury,1.0986122886681096,0.6931471805599453
19:40:00,Sunday,Lansia,Male,Junior high school,Owner,Below 1yr,Other,Owner,,,Other,Other,Tangent road with flat terrain,Y Shape,Gravel roads,Dry,Darkness - lights lit,Normal,Collision with roadside objects,2,1,Going straight,3,Unsafe Lane Change,Slight Injury,1.0986122886681096,0.6931471805599453
19:39:00,Thursday,Remaja,Male,Junior high school,Owner,2-5yr,Private Vehicle,Owner,,,Office areas,Other,Tangent road with flat terrain,Y Shape,Asphalt roads,Dry,Daylight,Normal,Vehicle with vehicle collision,2,1,Turnover,3,Unsafe Lane Change,Slight Injury,1.0986122886681096,0.6931471805599453
19:39:00,Thursday,Dewasa,Male,Junior high school,Owner,2-5yr,Commercial Vehicle,Owner,,,Office areas,Other,Tangent road with flat terrain,Y Shape,Asphalt roads,Dry,Daylight,Normal,Collision with roadside objects,2,1,Going straight,3,Unsafe Driving,Slight Injury,1.0986122886681096,0.6931471805599453
16:45:00,Tuesday,Dewasa,Male,High school,Owner,5-10yr,Commercial Vehicle,Owner,,,Other,Other,Tangent road with flat terrain,Y Shape,Asphalt roads,Dry,Daylight,Normal,Vehicle with vehicle collision,3,3,Going straight,3,Unsafe Lane Change,Serious Injury,1.3862943611198906,1.3862943611198906
16:45:00,Tuesday,Remaja,Male,Junior high school,Owner,,Commercial Vehicle,Owner,Above 10yr,,Residential areas,Other,Tangent road with flat terrain,Y Shape,Other,Dry,Daylight,Normal,Vehicle with vehicle collision,3,3,Reversing,3,Moving Backward,Serious Injury,1.3862943611198906,1.3862943611198906
16:45:00,Tuesday,Remaja,Male,Junior high school,Employee,Above 10yr,Private Vehicle,Owner,Above 10yr,,Office areas,Other,Tangent road with mountainous terrain and,Y Shape,Asphalt roads,Dry,Daylight,Normal,Collision with roadside objects,3,3,Other,3,Speeding,Serious Injury,1.3862943611198906,1.3862943611198906
16:45:00,Tuesday,Remaja,Male,Elementary school,Owner,2-5yr,Private Vehicle,Owner,Above 10yr,No defect,Residential areas,Other,Tangent road with flat terrain,Y Shape,Other,Dry,Daylight,Normal,Vehicle with vehicle collision,3,3,Going straight,3,Moving Backward,Serious Injury,1.3862943611198906,1.3862943611198906
12:10:00,Sunday,Dewasa,Male,Junior high school,Employee,5-10yr,Commercial Vehicle,,,,School areas,Other,Tangent road with flat terrain,Y Shape,Asphalt roads,Dry,Daylight,Normal,Vehicle with vehicle collision,1,1,Going straight,3,Distance & Priority Violation,Slight Injury,0.6931471805599453,0.6931471805599453
18:55:00,Sunday,Dewasa,Male,Junior high school,Employee,Below 1yr,Commercial Vehicle,Owner,Above 10yr,No defect,Office areas,Other,Sharp reverse curve,Y Shape,Asphalt roads,Dry,Daylight,Normal,Collision with roadside objects,3,2,Moving Backward,3,Other/Unknown,Slight Injury,1.3862943611198906,1.0986122886681096
18:55:00,Sunday,Dewasa,Male,Junior high school,Employee,5-10yr,Commercial Vehicle,Owner,5-10yrs,No defect,Other,Other,Tangent road with flat terrain,Y Shape,Asphalt roads,Dry,Daylight,Normal,Collision with roadside objects,3,2,Reversing,3,Distance & Priority Violation,Slight Injury,1.3862943611198906,1.0986122886681096
18:55:00,Sunday,Dewasa,Male,High school,Employee,Above 10yr,Public Transport,Owner,Above 10yr,No defect,Other,Other,Tangent road with flat terrain,Y Shape,Asphalt roads,Dry,Daylight,Normal,Vehicle with vehicle collision,3,2,Going straight,3,Unsafe Lane Change,Slight Injury,1.3862943611198906,1.0986122886681096
16:08:00,Thursday,Dewasa,Male,Junior high school,Employee,5-10yr,Other,Owner,Above 10yr,No defect, Church areas,Other,Tangent road with flat terrain,Other,Asphalt roads,Dry,Daylight,Normal,Vehicle with vehicle collision,2,1,Going straight,3,Other/Unknown,Slight Injury,1.0986122886681096,0.6931471805599453
16:08:00,Thursday,Dewasa,Male,Elementary school,Employee,1-2yr,Private Vehicle,Owner,,No defect,Office areas,Other,Tangent road with flat terrain,Other,Asphalt roads,Dry,Daylight,Normal,Vehicle with vehicle collision,2,1,Moving Backward,3,Distance & Priority Violation,Slight Injury,1.0986122886681096,0.6931471805599453
0:01:00,Saturday,Dewasa,Male,Junior high school,Employee,,Private Vehicle,Owner,,No defect,Other,Other,Tangent road with flat terrain,Crossing,Asphalt roads,Dry,Darkness - lights lit,Normal,Vehicle with vehicle collision,3,3,Going straight,3,Reckless Driving,Slight Injury,1.3862943611198906,1.3862943611198906
0:01:00,Saturday,Dewasa,Male,Above high school,Employee,1-2yr,Private Vehicle,Owner,,No defect,Office areas,Other,Tangent road with mild grade and flat terrain,Crossing,Asphalt roads,Dry,Darkness - lights lit,Normal,Vehicle with vehicle collision,3,3,Going straight,3,Distance & Priority Violation,Slight Injury,1.3862943611198906,1.3862943611198906
0:01:00,Saturday,Dewasa,Male,Junior high school,Employee,Above 10yr,Commercial Vehicle,Owner,,No defect,Office areas,Other,Tangent road with flat terrain,Crossing,Asphalt roads,Dry,Darkness - lights lit,Normal,Vehicle with vehicle collision,3,3,Going straight,3,Moving Backward,Slight Injury,1.3862943611198906,1.3862943611198906
0:01:00,Saturday,Dewasa,Male,Junior high school,Employee,1-2yr,Private Vehicle,Owner,Above 10yr,No defect,Office areas,Other,Sharp reverse curve,Crossing,Asphalt roads,Dry,Darkness - lights lit,Normal,Vehicle with vehicle collision,3,3,Going straight,3,Distance & Priority Violation,Slight Injury,1.3862943611198906,1.3862943611198906
0:01:00,Saturday,Dewasa,Male,Junior high school,Employee,5-10yr,Commercial Vehicle,Owner,Above 10yr,No defect, Church areas,Other,Sharp reverse curve,Crossing,Asphalt roads,Dry,Darkness - lights lit,Normal,Vehicle with vehicle collision,3,3,Going straight,3,Moving Backward,Slight Injury,1.3862943611198906,1.3862943611198906
15:04:00,Wednesday,Dewasa,Male,Junior high school,Employee,2-5yr,Public Transport,Owner,Above 10yr,No defect,Office areas,Other,Gentle horizontal curve,No junction,Asphalt roads,Dry,Daylight,Normal,Vehicle with vehicle collision,2,3,Going straight,3,Distance & Priority Violation,Slight Injury,1.0986122886681096,1.3862943611198906
15:04:00,Wednesday,Dewasa,Male,,,,Private Vehicle,Owner,5-10yrs,No defect,Other,Divided Road (Median),Gentle horizontal curve,No junction,Asphalt roads,Dry,Daylight,Normal,Vehicle with vehicle collision,2,3,,3,Unsafe Lane Change,Slight Injury,1.0986122886681096,1.3862943611198906
15:04:00,Wednesday,Dewasa,Male,Junior high school,Employee,2-5yr,Private Vehicle,Owner,,,Other,Other,Tangent road with flat terrain,No junction,Asphalt roads,Dry,Daylight,Normal,Vehicle with vehicle collision,2,3,Going straight,3,Distance & Priority Violation,Slight Injury,1.0986122886681096,1.3862943611198906
15:04:00,Wednesday,Dewasa,Male,Junior high school,Employee,2-5yr,Private Vehicle,Owner,5-10yrs,No defect, Church areas,Other,Tangent road with mountainous terrain and,No junction,Asphalt roads,Dry,Daylight,Normal,Vehicle with vehicle collision,2,3,Reversing,3,Other/Unknown,Slight Injury,1.0986122886681096,1.3862943611198906
15:00:00,Sunday,Dewasa,Male,Junior high school,Employee,Above 10yr,,Owner,1-2yr,,School areas,Other,Tangent road with flat terrain,Y Shape,Asphalt roads,Dry,Daylight,Normal,Vehicle with vehicle collision,2,1,Going straight,3,Distance & Priority Violation,Slight Injury,1.0986122886681096,0.6931471805599453
15:00:00,Sunday,Lansia,Male,Junior high school,Employee,1-2yr,Commercial Vehicle,,,, Church areas,Other,Tangent road with flat terrain,Y Shape,Asphalt roads,Dry,Daylight,Normal,Vehicle with vehicle collision,2,1,Going straight,3,Distance & Priority Violation,Slight Injury,1.0986122886681096,0.6931471805599453
9:55:00,Sunday,Dewasa,Male,Above high school,Owner,1-2yr,Commercial Vehicle,Owner,Above 10yr,,Office areas,Other,Tangent road with flat terrain,Y Shape,Asphalt roads,Dry,Daylight,Cloudy,Vehicle with vehicle collision,2,1,Going straight,2,Moving Backward,Slight Injury,1.0986122886681096,0.6931471805599453
9:55:00,Sunday,Lansia,Male,Above high school,Employee,No Licence,Private Vehicle,Owner,2-5yrs,No defect,Other,Other,Tangent road with flat terrain,Y Shape,Asphalt roads,Dry,Daylight,Cloudy,Vehicle with vehicle collision,2,1,Going straight,3,Distance & Priority Violation,Slight Injury,1.0986122886681096,0.6931471805599453
15:35:00,Sunday,Lansia,Male,Junior high school,Employee,1-2yr,Private Vehicle,Owner,Above 10yr,, Church areas,Other,Steep grade upward with mountainous terrain,Crossing,Asphalt roads,Dry,Daylight,Normal,Vehicle with vehicle collision,2,2,Going straight,3,Distance & Priority Violation,Slight Injury,1.0986122886681096,1.0986122886681096
15:35:00,Sunday,Lansia,Male,Junior high school,Employee,5-10yr,Public Transport,Governmental,1-2yr,No defect,Other,Divided Road (Median),Tangent road with flat terrain,Crossing,Asphalt roads,Dry,Daylight,Normal,Vehicle with vehicle collision,2,2,Going straight,3,Distance & Priority Violation,Slight Injury,1.0986122886681096,1.0986122886681096
15:50:00,Thursday,Lansia,Male,Junior high school,Employee,Above 10yr,Public Transport,Governmental,Above 10yr,,Other,Divided Road (Median),Tangent road with flat terrain,No junction,Earth roads,Dry,Daylight,Normal,Collision with roadside objects,2,1,Other,3,Reckless Driving,Slight Injury,1.0986122886681096,0.6931471805599453
15:50:00,Thursday,Dewasa,Male,Junior high school,Employee,Above 10yr,Private Vehicle,Organization,5-10yrs,No defect,Office areas,Other,Gentle horizontal curve,No junction,Asphalt roads,Dry,Daylight,Normal,Vehicle with vehicle collision,2,1,Moving Backward,3,Improper Parking/Exit,Slight Injury,1.0986122886681096,0.6931471805599453
2:19:00,Tuesday,Dewasa,Male,Junior high school,Owner,5-10yr,Public Transport,Organization,Above 10yr,No defect,Other,Other,Tangent road with flat terrain,Y Shape,Asphalt roads,Dry,Darkness - lights lit,Normal,Collision with pedestrians,2,1,Other,3,Reckless Driving,Slight Injury,1.0986122886681096,0.6931471805599453
2:19:00,Tuesday,Dewasa,Male,Elementary school,Employee,2-5yr,Public Transport,Owner,2-5yrs,No defect,Other,Other,Tangent road with flat terrain,Y Shape,Asphalt roads,Dry,Darkness - lights lit,Normal,Vehicle with vehicle collision,2,1,Going straight,3,Unsafe Lane Change,Slight Injury,1.0986122886681096,0.6931471805599453
7:15:00,Monday,Dewasa,Male,Junior high school,Employee,2-5yr,Commercial Vehicle,Governmental,,No defect,Residential areas,Other,Tangent road with flat terrain,Y Shape,Asphalt roads,Dry,Daylight,Normal,Collision with roadside objects,2,2,Going straight,3,Distance & Priority Violation,Slight Injury,1.0986122886681096,1.0986122886681096
7:15:00,Monday,Dewasa,Male,Junior high school,Employee,Below 1yr,Private Vehicle,Owner,2-5yrs,No defect,Office areas,Other,Tangent road with flat terrain,Y Shape,Asphalt roads,Dry,Daylight,Normal,Vehicle with vehicle collision,2,2,Going straight,3,Unsafe Lane Change,Slight Injury,1.0986122886681096,1.0986122886681096
7:15:00,Monday,Dewasa,Male,Junior high school,Employee,2-5yr,Commercial Vehicle,Owner,2-5yrs,No defect, Church areas,One Way,Tangent road with flat terrain,Y Shape,Asphalt roads,Dry,Daylight,Normal,Vehicle with vehicle collision,2,2,Other,3,Unsafe Lane Change,Slight Injury,1.0986122886681096,1.0986122886681096
14:15:00,Wednesday,Unknwon,Female,Junior high school,Employee,2-5yr,,Owner,1-2yr,No defect,,Other,Tangent road with flat terrain,Y Shape,Asphalt roads,Dry,Daylight,Normal,Vehicle with vehicle collision,3,1,Going straight,3,Distance & Priority Violation,Slight Injury,1.3862943611198906,0.6931471805599453
14:15:00,Wednesday,Dewasa,Male,Elementary school,Employee,5-10yr,Private Vehicle,Owner,Above 10yr,,  Market areas,Other,Steep grade downward with mountainous terrain,Y Shape,Asphalt roads,Dry,Daylight,Normal,Vehicle with vehicle collision,3,1,,3,Distance & Priority Violation,Slight Injury,1.3862943611198906,0.6931471805599453
14:15:00,Wednesday,Dewasa,Male,Junior high school,Employee,Above 10yr,Private Vehicle,Owner,Above 10yr,,Other,Other,Tangent road with mountainous terrain and,Y Shape,Asphalt roads,Dry,Daylight,Normal,Vehicle with vehicle collision,3,1,Going straight,3,Unsafe Lane Change,Slight Injury,1.3862943611198906,0.6931471805599453
15:10:00,Tuesday,Lansia,Male,,,,,Owner,,No defect,Other,Other,Tangent road with mountainous terrain and,Y Shape,Asphalt roads,Dry,Daylight,Normal,Rollover,2,1,Going straight,3,Unsafe Lane Change,Slight Injury,1.0986122886681096,0.6931471805599453
15:10:00,Tuesday,Dewasa,Male,Junior high school,Employee,2-5yr,,Owner,,No defect, Church areas,Other,Tangent road with flat terrain,Y Shape,Gravel roads,Dry,Daylight,Normal,Collision with roadside objects,2,1,Going straight,3,Distance & Priority Violation,Slight Injury,1.0986122886681096,0.6931471805599453
14:20:00,Saturday,Unknwon,Female,Junior high school,Employee,5-10yr,Private Vehicle,Governmental,1-2yr,No defect,Residential areas,Other,Tangent road with flat terrain,Y Shape,Asphalt roads,Wet or damp,Daylight,Raining,Vehicle with vehicle collision,1,1,Going straight,3,Unsafe Lane Change,Slight Injury,0.6931471805599453,0.6931471805599453
17:45:00,Tuesday,Dewasa,Male,Above high school,Employee,2-5yr,Private Vehicle,Owner,Unknown,No defect,Other,Other,Tangent road with flat terrain,No junction,Earth roads,Dry,Daylight,Normal,Collision with roadside objects,2,1,Moving Backward,3,Distance & Priority Violation,Slight Injury,1.0986122886681096,0.6931471805599453
17:45:00,Tuesday,Lansia,Male,,,,Private Vehicle,Owner,Unknown,No defect,Other,Other,Tangent road with flat terrain,No junction,Asphalt roads,Dry,Daylight,Normal,Vehicle with vehicle collision,2,1,Moving Backward,3,Moving Backward,Slight Injury,1.0986122886681096,0.6931471805599453
9:05:00,Wednesday,Lansia,Male,,Employee,1-2yr,Other,Owner,Unknown,No defect,Other,Divided Road (Median),Tangent road with flat terrain,No junction,Asphalt roads,Dry,Daylight,Normal,Vehicle with vehicle collision,2,1,Going straight,3,Reckless Driving,Slight Injury,1.0986122886681096,0.6931471805599453
9:05:00,Wednesday,Dewasa,Male,Junior high school,Employee,2-5yr,Other,Owner,,No defect,  Recreational areas,Other,Tangent road with flat terrain,No junction,Asphalt roads,Dry,Daylight,Normal,Vehicle with vehicle collision,2,1,Going straight,3,Distance & Priority Violation,Slight Injury,1.0986122886681096,0.6931471805599453
10:50:00,Wednesday,Dewasa,Male,Junior high school,Employee,Above 10yr,Private Vehicle,Owner,Unknown,No defect,  Recreational areas,One Way,Tangent road with flat terrain,Y Shape,Earth roads,Wet or damp,Daylight,Raining,Vehicle with vehicle collision,1,1,Turnover,3,Distance & Priority Violation,Serious Injury,0.6931471805599453,0.6931471805599453
16:55:00,Thursday,Dewasa,Male,Junior high school,Employee,Below 1yr,Commercial Vehicle,Owner,,No defect,Other,Other,Tangent road with flat terrain,No junction,Asphalt roads,Dry,Daylight,Normal,Vehicle with vehicle collision,2,1,Going straight,3,Distance & Priority Violation,Slight Injury,1.0986122886681096,0.6931471805599453
16:55:00,Thursday,Dewasa,Male,Junior high school,Employee,2-5yr,Commercial Vehicle,Organization,1-2yr,No defect,Office areas,Other,Tangent road with flat terrain,No junction,Asphalt roads,Dry,Daylight,Normal,Collision with roadside objects,2,1,Going straight,3,Unsafe Lane Change,Slight Injury,1.0986122886681096,0.6931471805599453
8:55:00,Tuesday,Dewasa,Male,Junior high school,Employee,Below 1yr,Commercial Vehicle,Owner,2-5yrs,No defect,Residential areas,Other,Tangent road with flat terrain,Y Shape,Asphalt roads,Dry,Daylight,Normal,Vehicle with vehicle collision,3,2,Going straight,3,Distance & Priority Violation,Slight Injury,1.3862943611198906,1.0986122886681096
8:55:00,Tuesday,Dewasa,Male,High school,Employee,5-10yr,Private Vehicle,Owner,2-5yrs,No defect,Other,Other,Tangent road with flat terrain,Y Shape,Asphalt roads,Dry,Daylight,Normal,Collision with roadside objects,3,2,Going straight,3,Speeding,Slight Injury,1.3862943611198906,1.0986122886681096
8:55:00,Tuesday,Dewasa,Male,Above high school,Employee,1-2yr,Private Vehicle,,1-2yr,,Residential areas,Other,Steep grade downward with mountainous terrain,Y Shape,Asphalt roads,Dry,Daylight,Normal,Vehicle with vehicle collision,3,2,Going straight,3,Reckless Driving,Slight Injury,1.3862943611198906,1.0986122886681096
17:44:00,Friday,Dewasa,Male,Junior high school,Employee,Below 1yr,Public Transport,Owner,,No defect, Church areas,Divided Road (Median),Tangent road with flat terrain,Y Shape,Asphalt roads,Wet or damp,Daylight,Raining,Vehicle with vehicle collision,2,1,Going straight,3,Other/Unknown,Slight Injury,1.0986122886681096,0.6931471805599453
17:44:00,Friday,Remaja,Male,,,,Public Transport,Owner,2-5yrs,,Other,One Way,Tangent road with flat terrain,Y Shape,Asphalt roads,Wet or damp,Daylight,Raining,Vehicle with vehicle collision,2,1,Going straight,3,Unsafe Lane Change,Slight Injury,1.0986122886681096,0.6931471805599453
9:10:00,Friday,Lansia,Male,High school,Employee,Below 1yr,Commercial Vehicle,Owner,5-10yrs,No defect,Office areas,Other,Tangent road with mountainous terrain and,Y Shape,Asphalt roads,Dry,Daylight,Normal,Vehicle with vehicle collision,2,1,Going straight,3,Distance & Priority Violation,Serious Injury,1.0986122886681096,0.6931471805599453
9:10:00,Friday,Unknwon,Female,High school,Employee,Below 1yr,Commercial Vehicle,Owner,2-5yrs,,Other,Other,Tangent road with flat terrain,Y Shape,Asphalt roads,Dry,Daylight,Normal,Vehicle with vehicle collision,2,1,,2,Unsafe Lane Change,Serious Injury,1.0986122886681096,0.6931471805599453
8:40:00,Wednesday,Lansia,Male,,,,Public Transport,Owner,Unknown,,  Recreational areas,Other,Steep grade downward with mountainous terrain,Y Shape,Asphalt roads,Wet or damp,Daylight,Normal,Vehicle with vehicle collision,2,1,Other,3,Distance & Priority Violation,Slight Injury,1.0986122886681096,0.6931471805599453
8:40:00,Wednesday,Lansia,Male,High school,Employee,2-5yr,Other,Owner,,No defect,Other,Other,Tangent road with flat terrain,Y Shape,Asphalt roads,Wet or damp,Daylight,Normal,Vehicle with vehicle collision,2,1,Getting off,3,Moving Backward,Slight Injury,1.0986122886681096,0.6931471805599453
15:00:00,Sunday,Dewasa,Male,Junior high school,Employee,Above 10yr,Commercial Vehicle,Owner,1-2yr,No defect,Office areas,Other,Tangent road with flat terrain,No junction,Asphalt roads,Dry,Daylight,Normal,Vehicle with vehicle collision,2,1,Going straight,3,Unsafe Lane Change,Slight Injury,1.0986122886681096,0.6931471805599453
15:00:00,Sunday,Unknwon,Female,Junior high school,Employee,Above 10yr,Private Vehicle,Governmental,,No defect,Residential areas,Other,Tangent road with flat terrain,No junction,Asphalt roads,Dry,Daylight,Normal,Vehicle with vehicle collision,2,1,Going straight,3,Other/Unknown,Slight Injury,1.0986122886681096,0.6931471805599453
13:35:00,Friday,Dewasa,Male,Junior high school,Employee,5-10yr,Other,Owner,Unknown,No defect,Office areas,One Way,Tangent road with flat terrain,No junction,Asphalt roads,Dry,Daylight,Normal,Vehicle with vehicle collision,2,1,Going straight,3,Distance & Priority Violation,Serious Injury,1.0986122886681096,0.6931471805599453
13:35:00,Friday,Dewasa,Male,Junior high school,Employee,1-2yr,Private Vehicle,Owner,,No defect,Office areas,Other,Tangent road with flat terrain,No junction,Asphalt roads,Dry,Daylight,Normal,Vehicle with vehicle collision,2,1,Other,3,Moving Backward,Serious Injury,1.0986122886681096,0.6931471805599453
19:13:00,Wednesday,Remaja,Male,Unknown,Employee,Below 1yr,Private Vehicle,Owner,Unknown,No defect, Church areas,Divided Road (Median),Tangent road with flat terrain,No junction,Asphalt roads,Dry,Daylight,Normal,Rollover,1,2,Going straight,3,Distance & Priority Violation,Serious Injury,0.6931471805599453,1.0986122886681096
19:13:00,Wednesday,Remaja,Male,Junior high school,Employee,Below 1yr,Private Vehicle,Owner,,No defect, Church areas,Other,Tangent road with flat terrain,No junction,Asphalt roads,Dry,Daylight,Normal,Collision with roadside objects,1,2,Moving Backward,3,Unsafe Lane Change,Serious Injury,0.6931471805599453,1.0986122886681096