Time,Day_of_week,Age_band_of_driver,Sex_of_driver,Educational_level,Vehicle_driver_relation,Driving_experience,Type_of_vehicle,Owner_of_vehicle,Service_year_of_vehicle,Defect_of_vehicle,Area_accident_occured,Lanes_or_Medians,Road_allignment,Types_of_Junction,Road_surface_type,Road_surface_conditions,Light_conditions,Weather_conditions,Type_of_collision,Number_of_vehicles_involved,Number_of_casualties,Vehicle_movement,Casualty_severity,Cause_of_accident,Accident_severity,Number_of_vehicles_involved_log,Number_of_casualties_log
23:35:00,Wednesday,Dewasa,Male,Junior high school,Employee,Above 10yr,Private Vehicle,Owner,Above 10yr,No defect,Residential areas,Other,Tangent road with flat terrain,Crossing,Asphalt roads,Dry,Darkness - lights lit,Normal,Collision with pedestrians,2,1,Going straight,3,Distance & Priority Violation,Serious Injury,1.0986122886681096,0.6931471805599453
23:35:00,Wednesday,Dewasa,Male,,,,Private Vehicle,Owner,Above 10yr,No defect,Other,One Way,Steep grade downward with mountainous terrain,Crossing,Asphalt roads,Dry,Darkness - lights lit,Normal,Vehicle with vehicle collision,2,1,Going straight,3,Unsafe Lane Change,Serious Injury,1.0986122886681096,0.6931471805599453
14:59:00,Wednesday,Remaja,Male,Junior high school,Employee,2-5yr,Private Vehicle,Owner,Above 10yr,No defect,Residential areas,Other,Tangent road with flat terrain,Other,Gravel roads,Dry,Daylight,Normal,Collision with pedestrians,2,2,U-Turn,3,Distance & Priority Violation,Slight Injury,1.0986122886681096,1.0986122886681096
14:59:00,Wednesday,Remaja,Male,Junior high school,Employee,5-10yr,Private Vehicle,Owner,5-10yrs,No defect,Residential areas,Other,Tangent road with flat terrain,Other,Asphalt roads,Dry,Daylight,Normal,Vehicle with vehicle collision,2,2,Going straight,3,Moving Backward,Slight Injury,1.0986122886681096,1.0986122886681096
14:59:00,Wednesday,Lansia,Male,Above high school,Employee,2-5yr,Private Vehicle,Owner,,No defect,Residential areas,Other,Tangent road with flat terrain,Other,Asphalt roads,Dry,Daylight,Normal,Vehicle with vehicle collision,2,2,Going straight,3,Reckless Driving,Slight Injury,1.0986122886681096,1.0986122886681096
14:40:00,Saturday,Unknwon,Female,,,,,Owner,1-2yr,No defect,Other,Other,Tangent road with flat terrain,Y Shape,Asphalt roads,Dry,Daylight,Normal,Collision with roadside objects,3,1,Going straight,3,Unsafe Lane Change,Slight Injury,1.3862943611198906,0.6931471805599453
14:40:00,Saturday,Dewasa,Male,,Employee,1-2yr,Public Transport,Owner,5-10yrs,No defect,Other,Other,Tangent road with flat terrain,Y Shape,Asphalt roads,Dry,Daylight,Normal,Vehicle with vehicle collision,3,1,Going straight,3,Unsafe Lane Change,Slight Injury,1.3862943611198906,0.6931471805599453
14:40:00,Saturday,Dewasa,Male,Junior high school,Employee,2-5yr,Public Transport,Owner,5-10yrs,No defect,Other,One Way,Tangent road with flat terrain,Y Shape,Asphalt roads,Dry,Daylight,Normal,Vehicle with vehicle collision,3,1,Going straight,3,Reckless Driving,Slight Injury,1.3862943611198906,0.6931471805599453
12:48:00,Sunday,Dewasa,Male,Junior high school,Employee,Above 10yr,Private Vehicle,Owner,1-2yr,No defect, Hospital areas,Other,Tangent road with flat terrain,Y Shape,Asphalt roads,Wet or damp,Daylight,Raining,Vehicle with vehicle collision,2,4,Going straight,3,Overloading & Overcapacity,Slight Injury,1.0986122886681096,1.6094379124341003
12:48:00,Sunday,Dewasa,Male,Junior high school,Employee,Below 1yr,Private Vehicle,Owner,2-5yrs,No defect,Residential areas,Other,Tangent road with flat terrain,Y Shape,Asphalt roads,Wet or damp,Daylight,Raining,Collision with pedestrians,2,4,Stopping,3,Other/Unknown,Slight Injury,1.0986122886681096,1.6094379124341003
12:48:00,Sunday,Dewasa,Male,Junior high school,Employee,2-5yr,Non-Motorized,Owner,5-10yrs,No defect,Residential areas,One Way,Tangent road with flat terrain,Y Shape,Asphalt roads,Wet or damp,Daylight,Raining,Collision with roadside objects,2,4,Turnover,3,Distance & Priority Violation,Slight Injury,1.0986122886681096,1.6094379124341003
12:48:00,Sunday,Dewasa,Male,Junior high school,Employee,Below 1yr,Private Vehicle,Owner,5-10yrs,No defect,Residential areas,Other,Tangent road with flat terrain,Y Shape,Asphalt roads,Wet or damp,Daylight,Raining,Collision with pedestrians,2,4,Getting off,3,Unsafe Lane Change,Slight Injury,1.0986122886681096,1.6094379124341003
12:48:00,Sunday,Dewasa,Male,High school,Employee,5-10yr,Commercial Vehicle,Owner,1-2yr,No defect,Other,Other,Tangent road with flat terrain,Y Shape,Asphalt roads with some distress,Wet or damp,Daylight,Raining,Vehicle with vehicle collision,2,4,Moving Backward,3,Moving Backward,Slight Injury,1.0986122886681096,1.6094379124341003
18:40:00,Friday,Dewasa,Male,Above high school,Employee,1-2yr,Private Vehicle,Owner,1-2yr,No defect,Office areas,Other,Tangent road with flat terrain,No junction,Asphalt roads,Dry,Daylight,Normal,Vehicle with vehicle collision,2,1,Moving Backward,3,Unsafe Lane Change,Slight Injury,1.0986122886681096,0.6931471805599453
18:40:00,Friday,Dewasa,Male,Junior high school,Employee,Below 1yr,Public Transport,Owner,2-5yrs,No defect,Other,Other,Tangent road with flat terrain,No junction,Asphalt roads,Dry,Daylight,Normal,Vehicle with vehicle collision,2,1,Going straight,3,Distance & Priority Violation,Slight Injury,1.0986122886681096,0.6931471805599453
11:11:00,Wednesday,Dewasa,Male,,,,Special Vehicle,Owner,Unknown,No defect,Office areas,Divided Road (Median),Tangent road with flat terrain,Y Shape,Asphalt roads,Dry,Daylight,Normal,Vehicle with vehicle collision,2,1,Turnover,3,Distance & Priority Violation,Slight Injury,1.0986122886681096,0.6931471805599453
11:11:00,Wednesday,Dewasa,Male,High school,Employee,Below 1yr,Private Vehicle,Owner,Unknown,No defect,Residential areas,Other,Tangent road with flat terrain,Y Shape,Asphalt roads,Dry,Daylight,Normal,Vehicle with vehicle collision,2,1,Going straight,3,Distance & Priority Violation,Slight Injury,1.0986122886681096,0.6931471805599453
7:50:00,Tuesday,Lansia,Male,High school,Employee,Below 1yr,Public Transport,Owner,Unknown,No defect,Office areas,Divided Road (Median),Gentle horizontal curve,Y Shape,Asphalt roads,Dry,Daylight,Normal,Collision with roadside objects,2,2,Going straight,3,Distance & Priority Violation,Slight Injury,1.0986122886681096,1.0986122886681096
7:50:00,Tuesday,Dewasa,Male,,,,,Owner,,No defect,Office areas,Divided Road (Median),Tangent road with flat terrain,Y Shape,Asphalt roads,Dry,Daylight,Normal,Collision with roadside objects,2,2,U-Turn,3,Distance & Priority Violation,Slight Injury,1.0986122886681096,1.0986122886681096
7:50:00,Tuesday,Dewasa,Male,High school,Employee,2-5yr,Commercial Vehicle,Organization,Unknown,No defect,Other,Divided Road (Median),Tangent road with flat terrain,Y Shape,Asphalt roads,Dry,Daylight,Normal,Vehicle with vehicle collision,2,2,Going straight,3,Moving Backward,Slight Injury,1.0986122886681096,1.0986122886681096
16:30:00,Tuesday,Dewasa,Male,Junior high school,Employee,Above 10yr,Commercial Vehicle,Owner,Unknown,No defect,Office areas,Other,Tangent road with flat terrain,No junction,Asphalt roads,Wet or damp,Daylight,Raining,Vehicle with vehicle collision,2,1,Going straight,3,Unsafe Lane Change,Slight Injury,1.0986122886681096,0.6931471805599453
16:30:00,Tuesday,Dewasa,Male,Junior high school,Employee,Above 10yr,Public Transport,Owner,Unknown,No defect,Office areas,Other,Tangent road with flat terrain,No junction,Asphalt roads,Wet or damp,Daylight,Raining,Vehicle with vehicle collision,2,1,U-Turn,3,Distance & Priority Violation,Slight Injury,1.0986122886681096,0.6931471805599453
18:56:00,Monday,Remaja,Male,Junior high school,Employee,5-10yr,Commercial Vehicle,Governmental,Unknown,,Office areas,One Way,Tangent road with flat terrain,Y Shape,Asphalt roads,Wet or damp,Daylight,Raining,Vehicle with vehicle collision,2,1,Stopping,3,Moving Backward,Slight Injury,1.0986122886681096,0.6931471805599453
18:56:00,Monday,Unknwon,Female,Junior high school,Employee,1-2yr,Commercial Vehicle,Owner,Unknown,,Other,Other,Tangent road with flat terrain,Y Shape,Asphalt roads,Wet or damp,Daylight,Raining,Vehicle with vehicle collision,2,1,Going straight,3,Improper Parking/Exit,Slight Injury,1.0986122886681096,0.6931471805599453
18:13:00,Tuesday,Dewasa,Male,Unknown,Employee,Below 1yr,Public Transport,Owner,Unknown,,Residential areas,Other,Tangent road with flat terrain,No junction,Asphalt roads,Dry,Daylight,Normal,Vehicle with vehicle collision,3,1,Moving Backward,3,Reckless Driving,Serious Injury,1.3862943611198906,0.6931471805599453
18:13:00,Tuesday,Dewasa,Male,Junior high school,Employee,Below 1yr,Public Transport,Owner,2-5yrs,No defect,Residential areas,Other,Gentle horizontal curve,No junction,Asphalt roads,Dry,Daylight,Normal,Vehicle with vehicle collision,3,1,Getting off,3,Overloading & Overcapacity,Serious Injury,1.3862943611198906,0.6931471805599453
18:13:00,Tuesday,Dewasa,Male,High school,Employee,2-5yr,Private Vehicle,Owner,5-10yrs,, Church areas,Other,Tangent road with flat terrain,No junction,Asphalt roads,Dry,Daylight,Normal,Vehicle with vehicle collision,3,1,Going straight,3,Unsafe Lane Change,Serious Injury,1.3862943611198906,0.6931471805599453
15:15:00,Sunday,Dewasa,Male,Junior high school,Owner,1-2yr,Commercial Vehicle,Owner,5-10yrs,,Other,Other,Tangent road with flat terrain,Y Shape,Asphalt roads,Dry,Daylight,Normal,Vehicle with vehicle collision,3,2,Going straight,3,Improper Parking/Exit,Slight Injury,1.3862943611198906,1.0986122886681096
15:15:00,Sunday,Dewasa,Male,Junior high school,Employee,5-10yr,Private Vehicle,Owner,Unknown,,Residential areas,Other,Tangent road with flat terrain,Y Shape,Asphalt roads,Dry,Daylight,Normal,Vehicle with vehicle collision,3,2,Turnover,3,Other/Unknown,Slight Injury,1.3862943611198906,1.0986122886681096
15:15:00,Sunday,Dewasa,Male,Elementary school,Employee,2-5yr,Other,Owner,2-5yrs,,Other,Other,Tangent road with flat terrain,Y Shape,Asphalt roads,Dry,Daylight,Normal,Other,3,2,Moving Backward,3,Unsafe Lane Change,Slight Injury,1.3862943611198906,1.0986122886681096
10:12:00,Tuesday,Dewasa,Male,Elementary school,Owner,5-10yr,,Owner,2-5yrs,,Residential areas,Other,Tangent road with flat terrain,Crossing,Asphalt roads,Dry,Daylight,Normal,Vehicle with vehicle collision,1,1,Going straight,3,Unsafe Lane Change,Slight Injury,0.6931471805599453,0.6931471805599453
19:25:00,Monday,Dewasa,Male,Junior high school,Employee,Above 10yr,Private Vehicle,Owner,2-5yrs,,Residential areas,Other,Tangent road with flat terrain,Crossing,Asphalt roads,Dry,Daylight,Normal,Collision with roadside objects,1,1,Moving Backward,3,Distance & Priority Violation,Slight Injury,0.6931471805599453,0.6931471805599453
14:57:00,Friday,Dewasa,Male,Junior high school,Employee,5-10yr,Private Vehicle,Owner,5-10yrs,No defect,Other,Other,Tangent road with flat terrain,No junction,Asphalt roads,Wet or damp,Daylight,Normal,Vehicle with vehicle collision,2,3,Going straight,3,Speeding,Slight Injury,1.0986122886681096,1.3862943611198906
14:57:00,Friday,Dewasa,Male,High school,Employee,5-10yr,Commercial Vehicle,,,,Other,Other,Tangent road with flat terrain,No junction,Asphalt roads,Wet or damp,Daylight,Normal,Vehicle with vehicle collision,2,3,,3,Unsafe Lane Change,Slight Injury,1.0986122886681096,1.3862943611198906
14:57:00,Friday,Dewasa,Male,Junior high school,Employee,5-10yr,Commercial Vehicle,Owner,Unknown,No defect,Other,Other,Tangent road with flat terrain,No junction,Asphalt roads,Wet or damp,Daylight,Normal,Vehicle with vehicle collision,2,3,Going straight,3,Distance & Priority Violation,Slight Injury,1.0986122886681096,1.3862943611198906
8:30:00,Sunday,Remaja,Male,Junior high school,Employee,Above 10yr,Private Vehicle,Owner,Unknown,No defect,Other,Divided Road (Median),Tangent road with flat terrain,No junction,Asphalt roads,Wet or damp,Daylight,Normal,Vehicle with vehicle collision,1,1,,3,Unsafe Lane Change,Serious Injury,0.6931471805599453,0.6931471805599453
22:05:00,Monday,Unknwon,Female,Junior high school,,1-2yr,,Owner,Unknown,,Residential areas,Other,Tangent road with flat terrain,Y Shape,Asphalt roads,Dry,Darkness - no lighting,Cloudy,Vehicle with vehicle collision,2,1,Going straight,3,Distance & Priority Violation,Slight Injury,1.0986122886681096,0.6931471805599453
22:05:00,Monday,Dewasa,Male,Junior high school,Employee,2-5yr,Commercial Vehicle,Owner,2-5yrs,,  Recreational areas,Other,Tangent road with flat terrain,Y Shape,Asphalt roads,Dry,Darkness - no lighting,Cloudy,Vehicle with vehicle collision,2,1,,3,Distance & Priority Violation,Slight Injury,1.0986122886681096,0.6931471805599453
15:30:00,Friday,Dewasa,Male,Junior high school,Employee,1-2yr,Commercial Vehicle,Owner,,,Other,Other,Tangent road with flat terrain,No junction,Asphalt roads,Wet or damp,Daylight,Raining,Collision with roadside objects,2,2,Going straight,3,Distance & Priority Violation,Slight Injury,1.0986122886681096,1.0986122886681096
15:30:00,Friday,Lansia,Male,,,,Commercial Vehicle,Owner,,,Office areas,Other,Tangent road with flat terrain,No junction,Asphalt roads,Wet or damp,Daylight,Raining,Collision with roadside objects,2,2,Going straight,3,Distance & Priority Violation,Slight Injury,1.0986122886681096,1.0986122886681096
15:30:00,Friday,Lansia,Male,Elementary school,Employee,5-10yr,Commercial Vehicle,,,,Other,Other,Tangent road with flat terrain,No junction,Asphalt roads,Wet or damp,Daylight,Raining,Vehicle with vehicle collision,2,2,Going straight,3,Other/Unknown,Slight Injury,1.0986122886681096,1.0986122886681096
21:15:00,Sunday,Dewasa,Male,Junior high school,Employee,5-10yr,Commercial Vehicle,Owner,Unknown,,Office areas,Other,Tangent road with flat terrain,No junction,Asphalt roads,Dry,Darkness - lights lit,Normal,Collision with roadside objects,2,4,Going straight,3,Reckless Driving,Fatal injury,1.0986122886681096,1.6094379124341003
21:15:00,Sunday,Dewasa,Male,Junior high school,Employee,Above 10yr,Private Vehicle,Owner,Unknown,,Office areas,One Way,Tangent road with flat terrain,No junction,Asphalt roads,Dry,Darkness - lights lit,Normal,Collision with roadside objects,2,4,Going straight,3,Unsafe Lane Change,Fatal injury,1.0986122886681096,1.6094379124341003
21:15:00,Sunday,Dewasa,Male,Junior high school,Employee,2-5yr,Other,Owner,Unknown,,Office areas,Other,Tangent road with flat terrain,No junction,Asphalt roads,Dry,Darkness - lights lit,Normal,Vehicle with vehicle collision,2,4,Other,3,Reckless Driving,Fatal injury,1.0986122886681096,1.6094379124341003
21:15:00,Sunday,Dewasa,Male,Junior high school,Owner,Above 10yr,,Owner,Unknown,No defect,Other,Other,Tangent road with flat terrain,No junction,Asphalt roads,Dry,Darkness - lights lit,Normal,Vehicle with vehicle collision,2,4,Other,3,Unsafe Lane Change,Fatal injury,1.0986122886681096,1.6094379124341003
16:32:00,Monday,Dewasa,Male,Junior high school,Employee,2-5yr,Private Vehicle,Governmental,Unknown,,Other,Divided Road (Median),Tangent road with flat terrain,No junction,Asphalt roads,Dry,Daylight,Normal,Collision with roadside objects,3,1,Going straight,3,Distance & Priority Violation,Slight Injury,1.3862943611198906,0.6931471805599453
16:32:00,Monday,Dewasa,Male,Elementary school,Other,5-10yr,Private Vehicle,Owner,Unknown,No defect,Office areas,Other,Tangent road with flat terrain,No junction,Asphalt roads,Dry,Daylight,Normal,Vehicle with vehicle collision,3,1,Going straight,3,Distance & Priority Violation,Slight Injury,1.3862943611198906,0.6931471805599453
16:32:00,Monday,Lansia,Male,Elementary school,Employee,5-10yr,Private Vehicle,Owner,Unknown,,Residential areas,Other,Tangent road with flat terrain,No junction,Asphalt roads,Dry,Daylight,Normal,Vehicle with vehicle collision,3,1,Getting off,3,Unsafe Lane Change,Slight Injury,1.3862943611198906,0.6931471805599453
15:30:00,Friday,Dewasa,Male,Junior high school,,5-10yr,Private Vehicle,Governmental,2-5yrs,,  Recreational areas,Other,Tangent road with flat terrain,No junction,Asphalt roads,Wet or damp,Daylight,Normal,Vehicle with vehicle collision,2,1,Going straight,3,Unsafe Lane Change,Slight Injury,1.0986122886681096,0.6931471805599453
15:30:00,Friday,Dewasa,Male,Junior high school,Employee,5-10yr,Public Transport,Owner,1-2yr,No defect,Other,Other,Tangent road with flat terrain,No junction,Asphalt roads,Wet or damp,Daylight,Normal,Vehicle with vehicle collision,2,1,Going straight,3,Speeding,Slight Injury,1.0986122886681096,0.6931471805599453
14:45:00,Saturday,Lansia,Male,Elementary school,Employee,Above 10yr,Commercial Vehicle,Owner,Above 10yr,No defect,Residential areas,Other,Tangent road with flat terrain,No junction,Asphalt roads,Dry,Daylight,Normal,Vehicle with vehicle collision,1,1,Going straight,3,Distance & Priority Violation,Fatal injury,0.6931471805599453,0.6931471805599453
19:30:00,Wednesday,Dewasa,Male,Junior high school,,Below 1yr,,Owner,Unknown,No defect,Other,Other,Tangent road with flat terrain,Y Shape,Asphalt roads,Dry,Daylight,Normal,Vehicle with vehicle collision,2,2,Going straight,3,Unsafe Lane Change,Slight Injury,1.0986122886681096,1.0986122886681096
19:30:00,Wednesday,Lansia,Male,Junior high school,Employee,5-10yr,Private Vehicle,Owner,Unknown,,Other,Other,Tangent road with flat terrain,Y Shape,Asphalt roads,Dry,Daylight,Normal,Collision with pedestrians,2,2,Going straight,3,Unsafe Lane Change,Slight Injury,1.0986122886681096,1.0986122886681096
16:56:00,Friday,Lansia,Male,Elementary school,Employee,1-2yr,Public Transport,Owner,5-10yrs,,Other,One Way,Tangent road with flat terrain,Y Shape,Asphalt roads,Wet or damp,Daylight,Normal,Vehicle with vehicle collision,1,1,Getting off,3,Improper Parking/Exit,Slight Injury,0.6931471805599453,0.6931471805599453
17:50:00,Monday,Dewasa,Male,,,,Commercial Vehicle,Owner,Unknown,No defect,Other,Other,Tangent road with flat terrain,Y Shape,Asphalt roads,Dry,Daylight,Normal,Collision with roadside objects,2,1,Going straight,3,Other/Unknown,Slight Injury,1.0986122886681096,0.6931471805599453
17:50:00,Monday,Dewasa,Male,Junior high school,Employee,Above 10yr,Commercial Vehicle,Owner,2-5yrs,No defect,Other,Other,Tangent road with flat terrain,Y Shape,Asphalt roads,Dry,Daylight,Normal,Vehicle with vehicle collision,2,1,Going straight,3,Other/Unknown,Slight Injury,1.0986122886681096,0.6931471805599453
9:04:00,Tuesday,Dewasa,Male,High school,Owner,2-5yr,Private Vehicle,Owner,Unknown,No defect,School areas,Other,Tangent road with flat terrain,No junction,Asphalt roads,Dry,Daylight,Normal,Vehicle with vehicle collision,2,1,Other,3,Distance & Priority Violation,Serious Injury,1.0986122886681096,0.6931471805599453
9:04:00,Tuesday,Lansia,Male,Junior high school,Employee,1-2yr,Public Transport,Owner,,No defect,Office areas,Other,Tangent road with flat terrain,No junction,Asphalt roads,Dry,Daylight,Normal,Vehicle with vehicle collision,2,1,Going straight,3,Distance & Priority Violation,Serious Injury,1.0986122886681096,0.6931471805599453
10:40:00,Thursday,Lansia,Male,Junior high school,Employee,1-2yr,Private Vehicle,Owner,Unknown,No defect,Office areas,Other,Tangent road with flat terrain,No junction,Asphalt roads,Dry,Daylight,Normal,Vehicle with vehicle collision,2,1,Going straight,3,Reckless Driving,Slight Injury,1.0986122886681096,0.6931471805599453
10:40:00,Thursday,Lansia,Male,Above high school,Owner,2-5yr,Public Transport,Owner,5-10yrs,No defect,Office areas,Other,Tangent road with flat terrain,No junction,Asphalt roads,Dry,Daylight,Normal,Vehicle with vehicle collision,2,1,Going straight,3,Distance & Priority Violation,Slight Injury,1.0986122886681096,0.6931471805599453
21:15:00,Thursday,Dewasa,Male,,,,Public Transport,Owner,Unknown,No defect,School areas,Other,Tangent road with flat terrain,Crossing,Asphalt roads,Dry,Darkness - lights lit,Normal,Vehicle with vehicle collision,2,1,Going straight,3,Distance & Priority Violation,Fatal injury,1.0986122886681096,0.6931471805599453
21:15:00,Thursday,Dewasa,Male,Elementary school,Owner,2-5yr,Private Vehicle,Governmental,,No defect,School areas,Other,Tangent road with flat terrain,Crossing,Asphalt roads,Dry,Darkness - lights lit,Normal,Vehicle with vehicle collision,2,1,Going straight,3,Unsafe Lane Change,Fatal injury,1.0986122886681096,0.6931471805599453
16:00:00,Friday,Remaja,Male,Junior high school,Employee,1-2yr,Commercial Vehicle,Owner,,No defect,Office areas,Other,Tangent road with flat terrain,Y Shape,Asphalt roads,Dry,Daylight,Normal,Vehicle with vehicle collision,3,1,Reversing,3,Reckless Driving,Serious Injury,1.3862943611198906,0.6931471805599453
16:00:00,Friday,Dewasa,Male,,Owner,5-10yr,Private Vehicle,Owner,,No defect,Office areas,Other,Tangent road with flat terrain,Y Shape,Asphalt roads,Dry,Daylight,Normal,Vehicle with vehicle collision,3,1,Other,3,Unsafe Lane Change,Serious Injury,1.3862943611198906,0.6931471805599453
16:00:00,Friday,Dewasa,Male,Junior high school,Employee,Below 1yr,Commercial Vehicle,Governmental,Above 10yr,No defect,School areas,Other,Tangent road with flat terrain,Y Shape,Asphalt roads,Dry,Daylight,Normal,Collision with roadside objects,3,1,Going straight,3,Reckless Driving,Serious Injury,1.3862943611198906,0.6931471805599453
19:30:00,Saturday,Dewasa,Male,Junior high school,Employee,2-5yr,Public Transport,Owner,1-2yr,No defect,,Other,Tangent road with flat terrain,No junction,Asphalt roads,Dry,Daylight,Normal,Vehicle with vehicle collision,3,1,Going straight,3,Other/Unknown,Slight Injury,1.3862943611198906,0.6931471805599453
19:30:00,Saturday,Dewasa,Male,Junior high school,Employee,5-10yr,Private Vehicle,Owner,Above 10yr,No defect,Other,Other,Tangent road with flat terrain,No junction,Asphalt roads,Dry,Daylight,Normal,Collision with roadside objects,3,1,Going straight,3,Unsafe Driving,Slight Injury,1.3862943611198906,0.6931471805599453
19:30:00,Saturday,Dewasa,Male,Junior high school,Employee,Above 10yr,Private Vehicle,Owner,Below 1yr,No defect,Other,Other,Tangent road with flat terrain,No junction,Asphalt roads,Dry,Daylight,Normal,Vehicle with vehicle collision,3,1,Going straight,2,Speeding,Slight Injury,1.3862943611198906,0.6931471805599453
9:32:00,Sunday,Dewasa,Male,Elementary school,Employee,2-5yr,Private Vehicle,Owner,Above 10yr,No defect,Other,Other,Tangent road with flat terrain,Y Shape,Asphalt roads,Dry,Daylight,Normal,Vehicle with vehicle collision,2,1,Going straight,3,Other/Unknown,Slight Injury,1.0986122886681096,0.6931471805599453
9:32:00,Sunday,Dewasa,Male,Elementary school,Owner,Above 10yr,Private Vehicle,Owner,Unknown,No defect,Residential areas,Other,Tangent road with flat terrain,Y Shape,Asphalt roads,Dry,Daylight,Normal,,2,1,Going straight,3,Unsafe Lane Change,Slight Injury,1.0986122886681096,0.6931471805599453
11:19:00,Wednesday,Lansia,Male,Junior high school,Employee,1-2yr,Other,Governmental,1-2yr,No defect,Other,Other,Tangent road with flat terrain,Y Shape,Asphalt roads,Dry,Daylight,Normal,Collision with pedestrians,1,2,Going straight,3,Distance & Priority Violation,Slight Injury,0.6931471805599453,1.0986122886681096
11:19:00,Wednesday,Lansia,Male,Junior high school,Employee,5-10yr,Other,Owner,1-2yr,No defect,Other,Other,Tangent road with flat terrain,Y Shape,Asphalt roads,Dry,Daylight,Normal,Vehicle with vehicle collision,1,2,Going straight,3,Other/Unknown,Slight Injury,0.6931471805599453,1.0986122886681096
8:05:00,Friday,Dewasa,Male,Junior high school,Employee,2-5yr,Other,Owner,,No defect, Industrial areas,Other,Tangent road with flat terrain,Y Shape,Asphalt roads,Dry,Daylight,Normal,Vehicle with vehicle collision,1,1,Going straight,3,Distance & Priority Violation,Slight Injury,0.6931471805599453,0.6931471805599453
6:26:00,Friday,Dewasa,Male,Junior high school,Employee,2-5yr,Public Transport,Owner,,No defect,  Recreational areas,Other,Tangent road with flat terrain,No junction,Asphalt roads,Wet or damp,Daylight,Normal,Vehicle with vehicle collision,1,2,Moving Backward,3,Unsafe Lane Change,Slight Injury,0.6931471805599453,1.0986122886681096
6:26:00,Friday,Dewasa,Male,Junior high school,Employee,2-5yr,Commercial Vehicle,Owner,Above 10yr,No defect, Church areas,Other,Tangent road with flat terrain,No junction,Asphalt roads,Wet or damp,Daylight,Normal,Collision with pedestrians,1,2,Moving Backward,3,Distance & Priority Violation,Slight Injury,0.6931471805599453,1.0986122886681096
9:20:00,Thursday,Dewasa,Male,Junior high school,Employee,2-5yr,Public Transport,Owner,,,Office areas,Other,Tangent road with flat terrain,Crossing,Asphalt roads,Dry,Daylight,Normal,Collision with roadside objects,2,1,Turnover,3,Moving Backward,Serious Injury,1.0986122886681096,0.6931471805599453
9:20:00,Thursday,Dewasa,Male,Junior high school,Employee,Above 10yr,Private Vehicle,Owner,,,Other,Other,Tangent road with flat terrain,Crossing,Asphalt roads,Dry,Daylight,Normal,,2,1,Other,3,Reckless Driving,Serious Injury,1.0986122886681096,0.6931471805599453
9:25:00,Friday,Dewasa,Male,Junior high school,Employee,Above 10yr,Private Vehicle,Owner,,,Office areas,Other,Tangent road with flat terrain,Y Shape,Asphalt roads with some distress,Dry,Daylight,Normal,Vehicle with vehicle collision,2,1,Other,3,Unsafe Lane Change,Slight Injury,1.0986122886681096,0.6931471805599453
9:25:00,Friday,Dewasa,Male,Elementary school,Employee,5-10yr,Private Vehicle,Owner,,,Office areas,Other,Tangent road with flat terrain,Y Shape,Asphalt roads,Dry,Daylight,Normal,,2,1,Going straight,3,Unsafe Lane Change,Slight Injury,1.0986122886681096,0.6931471805599453
17:50:00,Monday,Lansia,Male,,Employee,,Commercial Vehicle,Owner,,,Other,Other,Tangent road with flat terrain,No junction,Asphalt roads,Dry,Daylight,Normal,,2,1,Going straight,3,Reckless Driving,Slight Injury,1.0986122886681096,0.6931471805599453
17:50:00,Monday,Dewasa,Male,,Employee,2-5yr,Commercial Vehicle,Owner,Above 10yr,,Residential areas,Other,Tangent road with flat terrain,No junction,Asphalt roads,Dry,Daylight,Normal,,2,1,Other,3,Overloading & Overcapacity,Slight Injury,1.0986122886681096,0.6931471805599453
16:02:00,Sunday,Dewasa,Male,Elementary school,Employee,5-10yr,Commercial Vehicle,Owner,Above 10yr,,Office areas,Other,Tangent road with mountainous terrain and,No junction,Asphalt roads,Dry,Daylight,Normal,Vehicle with vehicle collision,2,1,Other,3,Other/Unknown,Slight Injury,1.0986122886681096,0.6931471805599453
16:02:00,Sunday,Remaja,Male,Junior high school,Employee,5-10yr,Public Transport,Owner,Above 10yr,No defect,Residential areas,Other,Tangent road with flat terrain,No junction,Gravel roads,Dry,Daylight,Normal,Vehicle with vehicle collision,2,1,Going straight,3,Distance & Priority Violation,Slight Injury,1.0986122886681096,0.6931471805599453
15:36:00,Tuesday,Dewasa,Male,Junior high school,Employee,Above 10yr,Public Transport,,,,School areas,Other,Tangent road with flat terrain,Crossing,Asphalt roads,Dry,Daylight,Normal,Collision with roadside objects,2,1,Reversing,3,Unsafe Lane Change,Serious Injury,1.0986122886681096,0.6931471805599453
15:36:00,Tuesday,Remaja,Male,Junior high school,Employee,5-10yr,Other,Owner,Above 10yr,No defect,Office areas,Other,Sharp reverse curve,Crossing,Asphalt roads,Dry,Daylight,Normal,Collision with roadside objects,2,1,Other,3,Moving Backward,Serious Injury,1.0986122886681096,0.6931471805599453
20:46:00,Saturday,Dewasa,Male,Junior high school,Employee,Above 10yr,Public Transport,Owner,5-10yrs,No defect,Other,Other,Tangent road with flat terrain,Y Shape,Asphalt roads,Dry,Darkness - lights lit,Normal,Vehicle with vehicle collision,2,2,Turnover,3,Unsafe Lane Change,Slight Injury,1.0986122886681096,1.0986122886681096
20:46:00,Saturday,Dewasa,Male,Elementary school,Employee,Below 1yr,Other,Owner,Above 10yr,No defect,Other,Other,Tangent road with flat terrain,Y Shape,Asphalt roads,Dry,Darkness - lights lit,Normal,Vehicle with vehicle collision,2,2,Going straight,3,Distance & Priority Violation,Slight Injury,1.0986122886681096,1.0986122886681096