Time,Day_of_week,Age_band_of_driver,Sex_of_driver,Educational_level,Vehicle_driver_relation,Driving_experience,Type_of_vehicle,Owner_of_vehicle,Service_year_of_vehicle,Defect_of_vehicle,Area_accident_occured,Lanes_or_Medians,Road_allignment,Types_of_Junction,Road_surface_type,Road_surface_conditions,Light_conditions,Weather_conditions,Type_of_collision,Number_of_vehicles_involved,Number_of_casualties,Vehicle_movement,Casualty_severity,Cause_of_accident,Accident_severity,Number_of_vehicles_involved_log,Number_of_casualties_log
12:15:00,Sunday,Dewasa,Male,Junior high school,Employee,5-10yr,Public Transport,Owner,2-5yrs,No defect,Other,Other,Tangent road with mild grade and flat terrain,Y Shape,Asphalt roads,Dry,Daylight,Normal,Vehicle with vehicle collision,2,1,Going straight,3,Distance & Priority Violation,Slight Injury,1.0986122886681096,0.6931471805599453
12:15:00,Sunday,Dewasa,Male,High school,Owner,5-10yr,Private Vehicle,Owner,,,Office areas,Other,Tangent road with flat terrain,Y Shape,Asphalt roads,Dry,Daylight,Normal,Vehicle with vehicle collision,2,1,Going straight,3,Reckless Driving,Slight Injury,1.0986122886681096,0.6931471805599453
7:40:00,Tuesday,Dewasa,Male,Junior high school,Employee,Above 10yr,Commercial Vehicle,Owner,Unknown,,Residential areas,Other,Tangent road with flat terrain,Y Shape,Asphalt roads,Dry,Daylight,Normal,Vehicle with vehicle collision,1,1,Going straight,2,Distance & Priority Violation,Slight Injury,0.6931471805599453,0.6931471805599453
16:10:00,Wednesday,Dewasa,Male,Junior high school,Employee,Below 1yr,Commercial Vehicle,Owner,2-5yrs,No defect,Other,Other,Tangent road with flat terrain,Y Shape,Asphalt roads,Wet or damp,Daylight,Raining,Vehicle with vehicle collision,2,4,Reversing,2,Distance & Priority Violation,Slight Injury,1.0986122886681096,1.6094379124341003
8:35:00,Wednesday,Dewasa,Male,Junior high school,Other,Below 1yr,Commercial Vehicle,Owner,Unknown,,Residential areas,Other,Tangent road with flat terrain,Y Shape,Asphalt roads,Wet or damp,Daylight,Raining,Vehicle with vehicle collision,2,4,Getting off,3,Distance & Priority Violation,Slight Injury,1.0986122886681096,1.6094379124341003
8:35:00,Wednesday,Dewasa,Male,Junior high school,Employee,Above 10yr,Private Vehicle,Owner,Unknown,,Other,Other,Tangent road with flat terrain,Y Shape,Asphalt roads,Wet or damp,Daylight,Raining,Collision with roadside objects,2,4,Going straight,3,Distance & Priority Violation,Slight Injury,1.0986122886681096,1.6094379124341003
8:40:00,Wednesday,Dewasa,Male,High school,Owner,5-10yr,,Owner,2-5yrs,,Residential areas,Divided Road (Median),Tangent road with flat terrain,Y Shape,Asphalt roads,Wet or damp,Daylight,Raining,Collision with roadside objects,2,4,Going straight,3,Distance & Priority Violation,Slight Injury,1.0986122886681096,1.6094379124341003
18:49:00,Tuesday,Dewasa,Male,Elementary school,Owner,5-10yr,Private Vehicle,Owner,,,Office areas,Other,Tangent road with flat terrain,Y Shape,Earth roads,Dry,Daylight,Normal,Vehicle with vehicle collision,1,1,Going straight,3,Moving Backward,Serious Injury,0.6931471805599453,0.6931471805599453
12:46:00,Friday,Dewasa,Male,Junior high school,Employee,2-5yr,Public Transport,Owner,5-10yrs,,Office areas,Other,Tangent road with mild grade and flat terrain,Y Shape,Asphalt roads,Dry,Daylight,Unknown,Collision with roadside objects,1,1,Reversing,3,Distance & Priority Violation,Serious Injury,0.6931471805599453,0.6931471805599453
12:46:00,Friday,Dewasa,Male,Junior high school,Employee,2-5yr,Public Transport,Owner,Unknown,,Office areas,Divided Road (Median),Tangent road with flat terrain,Y Shape,Asphalt roads,Wet or damp,Darkness - no lighting,Raining,Collision with roadside objects,1,1,Going straight,3,Unsafe Lane Change,Serious Injury,0.6931471805599453,0.6931471805599453
7:40:00,Wednesday,Dewasa,Male,Above high school,Employee,5-10yr,Other,Owner,,,  Recreational areas,Other,Tangent road with flat terrain,Y Shape,Asphalt roads,Dry,Daylight,Normal,Vehicle with vehicle collision,2,1,Stopping,3,Unsafe Lane Change,Slight Injury,1.0986122886681096,0.6931471805599453
7:40:00,Wednesday,Dewasa,Male,Junior high school,Owner,2-5yr,Private Vehicle,Owner,,,Other,Other,Tangent road with flat terrain,Y Shape,Asphalt roads,Dry,Daylight,Normal,Vehicle with vehicle collision,2,1,Overtaking,3,Distance & Priority Violation,Slight Injury,1.0986122886681096,0.6931471805599453
6:00:00,Sunday,Unknwon,Male,,,,Private Vehicle,Owner,,,Other,Other,Tangent road with flat terrain,Y Shape,Earth roads,Dry,Daylight,Normal,Collision with roadside objects,2,1,Going straight,3,Moving Backward,Slight Injury,1.0986122886681096,0.6931471805599453
6:00:00,Sunday,Dewasa,Male,Junior high school,Employee,2-5yr,Public Transport,Owner,5-10yrs,,Other,Other,Tangent road with flat terrain,Y Shape,Asphalt roads,Dry,Daylight,Normal,Vehicle with vehicle collision,2,1,Reversing,3,Unsafe Lane Change,Slight Injury,1.0986122886681096,0.6931471805599453
15:00:00,Saturday,Dewasa,Male,Junior high school,Employee,5-10yr,Public Transport,Owner,,,Other,Divided Road (Median),Tangent road with flat terrain,Y Shape,Asphalt roads,Dry,Daylight,Normal,Vehicle with vehicle collision,1,1,Going straight,3,Distance & Priority Violation,Slight Injury,0.6931471805599453,0.6931471805599453
18:02:00,Wednesday,Dewasa,Male,Junior high school,Employee,2-5yr,Private Vehicle,Owner,2-5yrs,No defect,Other,Other,Tangent road with mountainous terrain and,Y Shape,Asphalt roads,Wet or damp,Darkness - lights lit,Normal,Vehicle with vehicle collision,2,2,Going straight,3,Distance & Priority Violation,Slight Injury,1.0986122886681096,1.0986122886681096
21:25:00,Thursday,Dewasa,Male,Elementary school,Employee,1-2yr,Other,Owner,2-5yrs,No defect,Office areas,Other,Tangent road with flat terrain,Y Shape,Asphalt roads,Wet or damp,Darkness - lights lit,Normal,Vehicle with vehicle collision,2,2,Reversing,3,Unsafe Lane Change,Slight Injury,1.0986122886681096,1.0986122886681096
21:25:00,Thursday,Dewasa,Male,High school,Employee,,Commercial Vehicle,Owner,Above 10yr,No defect,Office areas,Other,Tangent road with flat terrain,Y Shape,Asphalt roads,Dry,Daylight,Normal,Vehicle with vehicle collision,1,1,Going straight,3,Distance & Priority Violation,Serious Injury,0.6931471805599453,0.6931471805599453
21:25:00,Thursday,Dewasa,Male,Junior high school,Owner,1-2yr,Commercial Vehicle,Owner,Unknown,No defect,Office areas,One Way,Tangent road with flat terrain,Y Shape,Asphalt roads,Dry,Daylight,Normal,Vehicle with vehicle collision,2,1,Waiting to go,3,Distance & Priority Violation,Slight Injury,1.0986122886681096,0.6931471805599453
16:55:00,Friday,Dewasa,Male,Junior high school,Employee,2-5yr,Private Vehicle,Owner,Above 10yr,No defect,Residential areas,Divided Road (Median),Tangent road with flat terrain,Y Shape,Asphalt roads,Dry,Daylight,Normal,Collision with pedestrians,2,1,Going straight,3,Improper Parking/Exit,Slight Injury,1.0986122886681096,0.6931471805599453
16:55:00,Friday,Dewasa,Male,Junior high school,Employee,1-2yr,Private Vehicle,Governmental,Below 1yr,No defect,  Recreational areas,Other,Tangent road with flat terrain,Y Shape,Asphalt roads,Dry,Daylight,Normal,Vehicle with vehicle collision,1,1,Going straight,3,Distance & Priority Violation,Serious Injury,0.6931471805599453,0.6931471805599453
16:55:00,Friday,Dewasa,Male,Elementary school,Employee,Above 10yr,Commercial Vehicle,Owner,Unknown,No defect, Church areas,Divided Road (Median),Tangent road with flat terrain,Y Shape,Other,Dry,Darkness - lights lit,Normal,Collision with roadside objects,2,1,Going straight,3,Unsafe Lane Change,Slight Injury,1.0986122886681096,0.6931471805599453
16:55:00,Friday,Unknwon,Male,Junior high school,Employee,2-5yr,,Owner,Unknown,No defect,Office areas,Other,Tangent road with flat terrain,Y Shape,Asphalt roads,Dry,Darkness - lights lit,Normal,Vehicle with vehicle collision,2,1,Going straight,3,Distance & Priority Violation,Slight Injury,1.0986122886681096,0.6931471805599453
16:55:00,Friday,Unknwon,Male,Junior high school,Employee,2-5yr,Other,Owner,Unknown,No defect,Other,Other,Tangent road with flat terrain,Y Shape,Asphalt roads,Dry,Daylight,Normal,Vehicle with vehicle collision,1,1,Getting off,3,Reckless Driving,Serious Injury,0.6931471805599453,0.6931471805599453
20:15:00,Monday,Dewasa,Male,Junior high school,Employee,2-5yr,Private Vehicle,Owner,,,Residential areas,Other,Steep grade downward with mountainous terrain,Y Shape,Asphalt roads,Dry,Daylight,Normal,Vehicle with vehicle collision,2,1,Going straight,3,Distance & Priority Violation,Slight Injury,1.0986122886681096,0.6931471805599453
20:15:00,Monday,Dewasa,Female,Junior high school,Employee,2-5yr,Private Vehicle,Owner,,No defect,School areas,Other,Tangent road with flat terrain,Y Shape,Asphalt roads,Dry,Daylight,Normal,Vehicle with vehicle collision,2,1,Going straight,3,Unsafe Lane Change,Slight Injury,1.0986122886681096,0.6931471805599453
20:15:00,Monday,Dewasa,Female,Elementary school,Employee,2-5yr,Private Vehicle,Owner,1-2yr,No defect,Office areas,Other,Tangent road with flat terrain,Y Shape,Asphalt roads,Dry,Daylight,Normal,Vehicle with vehicle collision,1,1,Going straight,2,Reckless Driving,Slight Injury,0.6931471805599453,0.6931471805599453
15:30:00,Tuesday,Dewasa,Male,Junior high school,Employee,2-5yr,Private Vehicle,Owner,Above 10yr,No defect,Other,Other,Tangent road with flat terrain,Y Shape,Asphalt roads,Wet or damp,Daylight,Normal,Vehicle with vehicle collision,2,1,Reversing,3,Reckless Driving,Slight Injury,1.0986122886681096,0.6931471805599453
20:17:00,Thursday,Dewasa,Male,Elementary school,Employee,5-10yr,Commercial Vehicle,Owner,Unknown,No defect,Other,Other,Tangent road with flat terrain,Y Shape,Asphalt roads,Wet or damp,Daylight,Normal,Vehicle with vehicle collision,2,1,Turnover,3,Moving Backward,Slight Injury,1.0986122886681096,0.6931471805599453
20:17:00,Thursday,Dewasa,Male,Elementary school,Employee,2-5yr,Other,Organization,2-5yrs,,Office areas,Other,Tangent road with mountainous terrain and,Y Shape,Earth roads,Dry,Daylight,Normal,Vehicle with vehicle collision,2,1,Going straight,2,Distance & Priority Violation,Serious Injury,1.0986122886681096,0.6931471805599453
13:07:00,Sunday,Dewasa,Male,Junior high school,Employee,Above 10yr,Commercial Vehicle,Owner,,,Office areas,Other,Tangent road with flat terrain,Y Shape,Asphalt roads,Dry,Daylight,Normal,Vehicle with vehicle collision,2,1,Going straight,3,Reckless Driving,Serious Injury,1.0986122886681096,0.6931471805599453
13:07:00,Sunday,Dewasa,Male,Junior high school,Employee,Above 10yr,Private Vehicle,Owner,5-10yrs,,Other,Other,Tangent road with flat terrain,Y Shape,Asphalt roads,Dry,Daylight,Normal,Collision with roadside objects,2,1,Going straight,3,Reckless Driving,Serious Injury,1.0986122886681096,0.6931471805599453
13:07:00,Sunday,Dewasa,Male,High school,Employee,Above 10yr,Other,Owner,5-10yrs,No defect,Office areas,Other,Tangent road with flat terrain,Y Shape,Asphalt roads,Dry,Daylight,Normal,Vehicle with vehicle collision,2,1,Going straight,3,Reckless Driving,Serious Injury,1.0986122886681096,0.6931471805599453
16:30:00,Tuesday,Dewasa,Male,Junior high school,Employee,5-10yr,Commercial Vehicle,Owner,2-5yrs,No defect, Industrial areas,Other,Tangent road with flat terrain,Y Shape,Asphalt roads,Dry,Daylight,Normal,Collision with roadside objects,2,1,Getting off,3,Moving Backward,Serious Injury,1.0986122886681096,0.6931471805599453
16:30:00,Tuesday,Dewasa,Male,Junior high school,Owner,2-5yr,Private Vehicle,Owner,Unknown,No defect,Office areas,Other,Tangent road with flat terrain,Y Shape,Asphalt roads,Dry,Daylight,Normal,Vehicle with vehicle collision,2,1,Going straight,3,Reckless Driving,Serious Injury,1.0986122886681096,0.6931471805599453
15:18:00,Monday,Dewasa,Male,Elementary school,Employee,1-2yr,Commercial Vehicle,Owner,,,Other,Other,Tangent road with flat terrain,Y Shape,Asphalt roads,Dry,Daylight,Normal,Vehicle with vehicle collision,2,2,Going straight,3,Unsafe Driving,Slight Injury,1.0986122886681096,1.0986122886681096
17:40:00,Wednesday,Dewasa,Male,Junior high school,Employee,2-5yr,Private Vehicle,Owner,Above 10yr,,Other,Other,Tangent road with flat terrain,Y Shape,Asphalt roads,Dry,Daylight,Normal,,2,2,Going straight,3,Unsafe Lane Change,Slight Injury,1.0986122886681096,1.0986122886681096
18:32:00,Tuesday,Dewasa,Male,Junior high school,Employee,5-10yr,,Owner,Unknown,,Office areas,Other,Tangent road with flat terrain,Y Shape,Asphalt roads,Dry,Daylight,Normal,Collision with pedestrians,2,2,Going straight,3,Distance & Priority Violation,Slight Injury,1.0986122886681096,1.0986122886681096
18:32:00,Tuesday,Dewasa,Female,,,,Private Vehicle,,,, Church areas,Other,Tangent road with flat terrain,Y Shape,Asphalt roads,Wet or damp,Daylight,Normal,Vehicle with vehicle collision,2,2,Going straight,3,Distance & Priority Violation,Slight Injury,1.0986122886681096,1.0986122886681096
18:32:00,Tuesday,Dewasa,Male,Elementary school,Owner,5-10yr,Private Vehicle,Owner,,,Office areas,Other,Tangent road with flat terrain,Y Shape,Asphalt roads,Wet or damp,Daylight,Normal,Vehicle with vehicle collision,2,2,Going straight,3,Unsafe Lane Change,Slight Injury,1.0986122886681096,1.0986122886681096
18:32:00,Tuesday,Lansia,Male,High school,Other,Above 10yr,Special Vehicle,Owner,,,Residential areas,Other,Tangent road with flat terrain,Y Shape,Asphalt roads,Wet or damp,Daylight,Normal,Vehicle with vehicle collision,2,2,Going straight,3,DUI (Drugs/Alcohol),Slight Injury,1.0986122886681096,1.0986122886681096
18:35:00,Saturday,Dewasa,Male,Junior high school,Employee,Above 10yr,,Owner,Unknown,No defect,  Recreational areas,Other,Tangent road with flat terrain,Y Shape,Asphalt roads,Dry,Daylight,Normal,Collision with pedestrians,2,1,Going straight,3,Unsafe Lane Change,Slight Injury,1.0986122886681096,0.6931471805599453
18:35:00,Saturday,Dewasa,Female,Junior high school,Employee,1-2yr,Private Vehicle,Governmental,5-10yrs,,Other,Other,Tangent road with flat terrain,Y Shape,Asphalt roads,Dry,Daylight,Normal,Collision with roadside objects,2,1,Going straight,3,Unsafe Lane Change,Slight Injury,1.0986122886681096,0.6931471805599453
12:10:00,Friday,Dewasa,Male,High school,Owner,,Private Vehicle,Owner,Unknown,No defect, Church areas,Other,Tangent road with flat terrain,Y Shape,Asphalt roads,Dry,Daylight,Normal,,2,1,Going straight,3,Moving Backward,Slight Injury,1.0986122886681096,0.6931471805599453
12:10:00,Friday,Dewasa,Male,Junior high school,Employee,2-5yr,Private Vehicle,Owner,Unknown,No defect,Other,One Way,Tangent road with flat terrain,Y Shape,Asphalt roads,Dry,Daylight,Normal,Vehicle with vehicle collision,2,1,Reversing,3,Distance & Priority Violation,Slight Injury,1.0986122886681096,0.6931471805599453
15:08:00,Monday,Dewasa,Male,Junior high school,Employee,5-10yr,Private Vehicle,Owner,Above 10yr,No defect,Other,Other,Tangent road with flat terrain,Y Shape,Earth roads,Dry,Daylight,Normal,,2,1,Going straight,3,Unsafe Lane Change,Serious Injury,1.0986122886681096,0.6931471805599453
15:08:00,Monday,Dewasa,Male,Junior high school,Employee,2-5yr,Commercial Vehicle,Owner,5-10yrs,, Church areas,Other,Tangent road with flat terrain,Y Shape,Asphalt roads,Dry,Daylight,Normal,,2,1,Turnover,3,Moving Backward,Serious Injury,1.0986122886681096,0.6931471805599453
15:08:00,Monday,Lansia,Male,Junior high school,Employee,Above 10yr,Commercial Vehicle,Owner,Unknown,,Office areas,Other,Tangent road with mild grade and flat terrain,Y Shape,,Dry,Daylight,Normal,,2,1,Going straight,3,Distance & Priority Violation,Serious Injury,1.0986122886681096,0.6931471805599453
15:08:00,Monday,Lansia,Male,Elementary school,Employee,5-10yr,Commercial Vehicle,Owner,Unknown,,Office areas,Divided Road (Median),Tangent road with flat terrain,Y Shape,Asphalt roads,Dry,Daylight,Normal,Vehicle with vehicle collision,2,1,Going straight,3,Unsafe Driving,Serious Injury,1.0986122886681096,0.6931471805599453
8:54:00,Thursday,Dewasa,Female,Junior high school,Employee,5-10yr,Private Vehicle,Organization,5-10yrs,No defect, Church areas,Other,Tangent road with flat terrain,Y Shape,Asphalt roads,Wet or damp,Daylight,Raining,Vehicle with vehicle collision,3,2,Going straight,3,Unsafe Driving,Serious Injury,1.3862943611198906,1.0986122886681096
16:51:00,Wednesday,Dewasa,Female,Above high school,Employee,1-2yr,Commercial Vehicle,Organization,2-5yrs,No defect,Other,Other,Tangent road with mountainous terrain and,Y Shape,Asphalt roads,Wet or damp,Daylight,Raining,Collision with roadside objects,3,2,Going straight,3,Moving Backward,Serious Injury,1.3862943611198906,1.0986122886681096
19:02:00,Saturday,Dewasa,Male,Elementary school,Employee,Above 10yr,Commercial Vehicle,Owner,Unknown,No defect,Other,Other,Tangent road with flat terrain,Y Shape,Asphalt roads,Wet or damp,Daylight,Raining,Collision with roadside objects,3,2,Reversing,3,Moving Backward,Serious Injury,1.3862943611198906,1.0986122886681096
19:02:00,Saturday,Dewasa,Female,Elementary school,Employee,5-10yr,Commercial Vehicle,Owner,Unknown,No defect, Church areas,Other,Tangent road with flat terrain,Y Shape,Asphalt roads,Dry,Daylight,Normal,Vehicle with vehicle collision,1,1,Going straight,3,Reckless Driving,Serious Injury,0.6931471805599453,0.6931471805599453
8:10:00,Monday,Dewasa,Female,Elementary school,Employee,2-5yr,Commercial Vehicle,Owner,5-10yrs,No defect, Industrial areas,Other,Tangent road with mild grade and flat terrain,Y Shape,Asphalt roads,Dry,Daylight,Normal,Vehicle with vehicle collision,2,1,Turnover,3,Reckless Driving,Slight Injury,1.0986122886681096,0.6931471805599453
8:10:00,Monday,Dewasa,Male,Elementary school,Employee,2-5yr,Private Vehicle,Owner,Unknown,No defect,Office areas,Other,Tangent road with flat terrain,Y Shape,Asphalt roads,Dry,Daylight,Normal,Vehicle with vehicle collision,2,1,Going straight,3,Unsafe Lane Change,Slight Injury,1.0986122886681096,0.6931471805599453
17:50:00,Saturday,Dewasa,Male,Junior high school,Employee,5-10yr,Private Vehicle,Owner,Unknown,No defect,School areas,Other,Tangent road with flat terrain,Y Shape,Asphalt roads,Wet or damp,Daylight,Normal,Vehicle with vehicle collision,2,1,Going straight,3,DUI (Drugs/Alcohol),Slight Injury,1.0986122886681096,0.6931471805599453
17:50:00,Saturday,Dewasa,Male,Junior high school,Employee,1-2yr,Private Vehicle,Owner,Unknown,No defect,Other,Other,Tangent road with flat terrain,Y Shape,Asphalt roads,Wet or damp,Daylight,Normal,Vehicle with vehicle collision,2,1,Going straight,3,Distance & Priority Violation,Slight Injury,1.0986122886681096,0.6931471805599453
20:51:00,Tuesday,Dewasa,Male,Junior high school,Employee,5-10yr,Public Transport,Owner,Unknown,No defect, Church areas,One Way,Tangent road with flat terrain,Y Shape,Gravel roads,Dry,Darkness - lights unlit,Normal,Rollover,2,1,Going straight,3,Moving Backward,Slight Injury,1.0986122886681096,0.6931471805599453
14:00:00,Saturday,Dewasa,Male,Junior high school,Employee,5-10yr,Private Vehicle,Owner,Unknown,No defect,Office areas,Other,Tangent road with flat terrain,Y Shape,Asphalt roads,Dry,Darkness - lights unlit,Normal,Vehicle with vehicle collision,2,1,Going straight,3,Unsafe Lane Change,Slight Injury,1.0986122886681096,0.6931471805599453
14:00:00,Saturday,Dewasa,Male,Above high school,Employee,5-10yr,Public Transport,Owner,Unknown,No defect,Other,Other,Steep grade downward with mountainous terrain,Y Shape,Asphalt roads,Wet or damp,Darkness - lights lit,Normal,Collision with roadside objects,2,1,Getting off,3,Unsafe Lane Change,Slight Injury,1.0986122886681096,0.6931471805599453
14:43:00,Friday,Lansia,Male,Junior high school,Employee,Above 10yr,Public Transport,Owner,2-5yrs,No defect,Other,Other,Tangent road with flat terrain,Y Shape,Asphalt roads,Wet or damp,Darkness - lights lit,Normal,Collision with pedestrians,2,1,Moving Backward,3,Distance & Priority Violation,Slight Injury,1.0986122886681096,0.6931471805599453
16:26:00,Tuesday,Lansia,Male,Elementary school,Employee,2-5yr,Private Vehicle,Owner,Unknown,,Other,Other,Tangent road with flat terrain,Y Shape,Asphalt roads,Dry,Darkness - lights lit,Normal,Vehicle with vehicle collision,1,2,Going straight,3,Speeding,Slight Injury,0.6931471805599453,1.0986122886681096
16:26:00,Tuesday,Lansia,Male,Junior high school,Employee,5-10yr,Commercial Vehicle,Owner,2-5yrs,,Other,One Way,Tangent road with flat terrain,Y Shape,Asphalt roads,Dry,Darkness - lights lit,Normal,Vehicle with vehicle collision,1,2,Turnover,3,Unsafe Lane Change,Slight Injury,0.6931471805599453,1.0986122886681096
13:54:00,Saturday,Dewasa,Male,,,,Private Vehicle,Owner,Above 10yr,No defect, Church areas,Other,Tangent road with mild grade and flat terrain,Y Shape,Asphalt roads,Dry,Daylight,Normal,Vehicle with vehicle collision,2,1,Going straight,3,Distance & Priority Violation,Serious Injury,1.0986122886681096,0.6931471805599453
13:54:00,Saturday,Dewasa,Male,Junior high school,Employee,5-10yr,Commercial Vehicle,Governmental,2-5yrs,No defect,Residential areas,Other,Tangent road with flat terrain,Y Shape,Asphalt roads,Dry,Daylight,Normal,Vehicle with vehicle collision,2,1,,3,Distance & Priority Violation,Serious Injury,1.0986122886681096,0.6931471805599453
13:54:00,Saturday,Dewasa,Male,Junior high school,Employee,,Other,Owner,2-5yrs,No defect,Office areas,Other,Tangent road with mild grade and flat terrain,Y Shape,Asphalt roads,Wet or damp,Darkness - lights lit,Normal,Vehicle with vehicle collision,1,1,Going straight,3,Reckless Driving,Serious Injury,0.6931471805599453,0.6931471805599453
15:31:00,Monday,Dewasa,Male,Junior high school,Employee,,Commercial Vehicle,Owner,2-5yrs,No defect,Other,Other,Tangent road with flat terrain,Y Shape,Asphalt roads,Dry,Daylight,Normal,Vehicle with vehicle collision,2,2,Going straight,3,Distance & Priority Violation,Slight Injury,1.0986122886681096,1.0986122886681096
15:31:00,Monday,Lansia,Male,Junior high school,Employee,1-2yr,Commercial Vehicle,Owner,2-5yrs,No defect,Office areas,Other,Tangent road with mild grade and flat terrain,Y Shape,Asphalt roads,Dry,Daylight,Normal,Vehicle with vehicle collision,2,2,Going straight,3,Unsafe Lane Change,Slight Injury,1.0986122886681096,1.0986122886681096
12:30:00,Thursday,Dewasa,Male,Above high school,Owner,5-10yr,Private Vehicle,Owner,2-5yrs,No defect,Other,Other,Tangent road with flat terrain,Y Shape,Asphalt roads,Dry,Daylight,Normal,Collision with roadside objects,2,2,Going straight,2,Distance & Priority Violation,Slight Injury,1.0986122886681096,1.0986122886681096
18:45:00,Wednesday,Dewasa,Male,Junior high school,Employee,2-5yr,Commercial Vehicle,Owner,1-2yr,No defect, Church areas,Other,Tangent road with flat terrain,Y Shape,Asphalt roads,Dry,Darkness - lights lit,Normal,Rollover,2,3,Turnover,3,Unsafe Lane Change,Serious Injury,1.0986122886681096,1.3862943611198906
18:45:00,Wednesday,Dewasa,Male,Junior high school,Owner,5-10yr,Commercial Vehicle,Owner,Unknown,No defect,Office areas,Other,Tangent road with flat terrain,Y Shape,Asphalt roads,Dry,Darkness - lights lit,Normal,Vehicle with vehicle collision,2,3,Turnover,3,Reckless Driving,Serious Injury,1.0986122886681096,1.3862943611198906
19:12:00,Tuesday,Dewasa,Male,High school,Employee,2-5yr,Commercial Vehicle,Owner,Unknown,No defect,Other,Other,Tangent road with flat terrain,Y Shape,Asphalt roads,Dry,Darkness - lights lit,Normal,Collision with pedestrians,2,3,Going straight,3,Unsafe Lane Change,Serious Injury,1.0986122886681096,1.3862943611198906
17:25:00,Friday,Dewasa,Female,Junior high school,Employee,Above 10yr,Private Vehicle,Owner,Unknown,No defect,Other,Other,Tangent road with flat terrain,Y Shape,Asphalt roads,Dry,Darkness - lights lit,Normal,Vehicle with vehicle collision,2,3,Getting off,3,Distance & Priority Violation,Serious Injury,1.0986122886681096,1.3862943611198906
17:25:00,Friday,Dewasa,Male,Junior high school,Employee,Below 1yr,Private Vehicle,Owner,Above 10yr,,School areas,Other,Tangent road with flat terrain,Y Shape,Asphalt roads,Dry,Daylight,Normal,Vehicle with vehicle collision,1,1,Getting off,3,Distance & Priority Violation,Slight Injury,0.6931471805599453,0.6931471805599453
12:48:00,Friday,Dewasa,Male,Junior high school,Employee,Below 1yr,Other,Owner,Unknown,No defect, Church areas,Divided Road (Median),Tangent road with mild grade and flat terrain,Y Shape,Asphalt roads,Dry,Darkness - lights lit,Normal,Collision with pedestrians,1,1,Going straight,3,Distance & Priority Violation,Slight Injury,0.6931471805599453,0.6931471805599453
7:10:00,Friday,Dewasa,Male,,Owner,,Other,Owner,Unknown,,School areas,Other,Tangent road with flat terrain,Y Shape,Other,Dry,Daylight,Normal,Collision with pedestrians,2,1,Overtaking,3,Distance & Priority Violation,Slight Injury,1.0986122886681096,0.6931471805599453
7:10:00,Friday,Dewasa,Male,Junior high school,Employee,2-5yr,Private Vehicle,Owner,2-5yrs,No defect,Residential areas,Divided Road (Median),Tangent road with flat terrain,Y Shape,Asphalt roads,Dry,Daylight,Normal,Vehicle with vehicle collision,2,1,Reversing,3,Distance & Priority Violation,Slight Injury,1.0986122886681096,0.6931471805599453
17:10:00,Friday,Dewasa,Male,,,,Public Transport,,,,Office areas,Other,Tangent road with flat terrain,Y Shape,Asphalt roads,Dry,Darkness - lights lit,Normal,Vehicle with vehicle collision,2,1,Going straight,3,Unsafe Lane Change,Slight Injury,1.0986122886681096,0.6931471805599453
17:10:00,Friday,Dewasa,Male,Elementary school,Employee,No Licence,Other,Owner,Unknown,,Office areas,Other,Tangent road with flat terrain,Y Shape,Asphalt roads,Dry,Darkness - lights lit,Normal,Vehicle with vehicle collision,2,1,Getting off,3,Unsafe Lane Change,Slight Injury,1.0986122886681096,0.6931471805599453
17:10:00,Friday,Dewasa,Male,Junior high school,Employee,Above 10yr,Public Transport,Governmental,5-10yrs,No defect, Church areas,Other,Tangent road with flat terrain,Y Shape,Asphalt roads,Dry,Darkness - lights lit,Normal,Vehicle with vehicle collision,2,1,Getting off,3,Distance & Priority Violation,Slight Injury,1.0986122886681096,0.6931471805599453
9:05:00,Friday,Dewasa,Male,Junior high school,Owner,Above 10yr,Commercial Vehicle,Owner,2-5yrs,,Residential areas,Other,Tangent road with flat terrain,Y Shape,Asphalt roads,Dry,Darkness - lights lit,Normal,Vehicle with vehicle collision,2,1,Reversing,3,Distance & Priority Violation,Slight Injury,1.0986122886681096,0.6931471805599453
9:05:00,Friday,Dewasa,Male,Junior high school,Employee,Above 10yr,Private Vehicle,Owner,Unknown,No defect,Office areas,Other,Tangent road with flat terrain,Y Shape,Asphalt roads,Dry,Darkness - lights lit,Normal,Collision with roadside objects,1,1,Turnover,3,Distance & Priority Violation,Slight Injury,0.6931471805599453,0.6931471805599453
16:15:00,Wednesday,Dewasa,Male,Junior high school,Employee,Above 10yr,Other,Owner,2-5yrs,No defect,Residential areas,One Way,Tangent road with flat terrain,Y Shape,Asphalt roads,Wet or damp,Darkness - lights lit,Raining,Vehicle with vehicle collision,2,1,Moving Backward,3,Distance & Priority Violation,Slight Injury,1.0986122886681096,0.6931471805599453
18:00:00,Sunday,Unknwon,Male,Junior high school,Owner,5-10yr,Private Vehicle,Owner,2-5yrs,No defect,Other,Other,Tangent road with flat terrain,Y Shape,Asphalt roads,Wet or damp,Darkness - lights lit,Raining,Vehicle with vehicle collision,2,1,Going straight,3,Unsafe Lane Change,Slight Injury,1.0986122886681096,0.6931471805599453
13:55:00,Sunday,Lansia,Male,Junior high school,Employee,Below 1yr,Private Vehicle,Governmental,2-5yrs,No defect,Other,Other,Tangent road with flat terrain,Y Shape,Asphalt roads,Dry,Daylight,Normal,Vehicle with vehicle collision,2,1,Going straight,3,Unsafe Lane Change,Slight Injury,1.0986122886681096,0.6931471805599453