Time,Day_of_week,Age_band_of_driver,Sex_of_driver,Educational_level,Vehicle_driver_relation,Driving_experience,Type_of_vehicle,Owner_of_vehicle,Service_year_of_vehicle,Defect_of_vehicle,Area_accident_occured,Lanes_or_Medians,Road_allignment,Types_of_Junction,Road_surface_type,Road_surface_conditions,Light_conditions,Weather_conditions,Type_of_collision,Number_of_vehicles_involved,Number_of_casualties,Vehicle_movement,Casualty_severity,Cause_of_accident,Accident_severity,Number_of_vehicles_involved_log,Number_of_casualties_log
20:41:00,Thursday,Dewasa,Male,Junior high school,Employee,1-2yr,Other,Owner,Unknown,No defect, Church areas,Other,Tangent road with flat terrain,Y Shape,Asphalt roads,Wet or damp,Darkness - lights lit,Cloudy,Vehicle with vehicle collision,2,1,,3,Reckless Driving,Slight Injury,1.0986122886681096,0.6931471805599453
20:41:00,Thursday,Dewasa,Male,High school,Employee,2-5yr,Private Vehicle,Governmental,,No defect,Other,Other,Tangent road with flat terrain,Y Shape,Asphalt roads,Wet or damp,Daylight,Normal,Vehicle with vehicle collision,1,1,Going straight,3,Unsafe Lane Change,Slight Injury,0.6931471805599453,0.6931471805599453
20:41:00,Thursday,Dewasa,Male,Junior high school,Employee,2-5yr,Other,Owner,Unknown,No defect, Church areas,Other,Tangent road with flat terrain,Y Shape,Asphalt roads,Wet or damp,Daylight,Raining,Vehicle with vehicle collision,2,2,Going straight,3,Reckless Driving,Slight Injury,1.0986122886681096,1.0986122886681096
20:41:00,Thursday,Dewasa,Male,Junior high school,Employee,1-2yr,Commercial Vehicle,Owner,Unknown,No defect, Church areas,Other,Tangent road with flat terrain,Y Shape,Asphalt roads,Wet or damp,Daylight,Raining,Collision with pedestrians,2,2,Going straight,3,DUI (Drugs/Alcohol),Slight Injury,1.0986122886681096,1.0986122886681096
10:04:00,Wednesday,Dewasa,Male,Elementary school,Employee,5-10yr,Commercial Vehicle,Owner,Above 10yr,No defect,Other,Other,Tangent road with flat terrain,Y Shape,Earth roads,Dry,Daylight,Normal,Rollover,2,2,Going straight,3,Distance & Priority Violation,Slight Injury,1.0986122886681096,1.0986122886681096
10:04:00,Wednesday,Dewasa,Male,Junior high school,Employee,5-10yr,Public Transport,Governmental,5-10yrs,No defect,Other,Other,Tangent road with flat terrain,Y Shape,Asphalt roads,Dry,Daylight,Normal,Vehicle with vehicle collision,2,2,Going straight,3,Unsafe Lane Change,Slight Injury,1.0986122886681096,1.0986122886681096
10:04:00,Wednesday,Dewasa,Male,Junior high school,Employee,1-2yr,Private Vehicle,Owner,5-10yrs,No defect,School areas,Other,Tangent road with flat terrain,Y Shape,Asphalt roads,Dry,Darkness - lights lit,Windy,Rollover,1,1,Going straight,3,Distance & Priority Violation,Slight Injury,0.6931471805599453,0.6931471805599453
20:30:00,Wednesday,Dewasa,Male,Elementary school,Other,5-10yr,Commercial Vehicle,Owner,Above 10yr,No defect,Residential areas,Other,Tangent road with flat terrain,Y Shape,Asphalt roads,Wet or damp,Darkness - lights lit,Raining,Vehicle with vehicle collision,2,1,Going straight,2,Moving Backward,Slight Injury,1.0986122886681096,0.6931471805599453
20:30:00,Wednesday,Dewasa,Male,Junior high school,Employee,2-5yr,Private Vehicle,,1-2yr,No defect,Other,Other,Tangent road with flat terrain,Y Shape,Asphalt roads,Wet or damp,Darkness - lights lit,Raining,Vehicle with vehicle collision,2,1,Going straight,3,Moving Backward,Slight Injury,1.0986122886681096,0.6931471805599453
20:30:00,Wednesday,Dewasa,Male,Elementary school,Employee,5-10yr,Commercial Vehicle,Owner,Above 10yr,No defect,Office areas,Other,Tangent road with flat terrain,Y Shape,Other,Dry,Darkness - lights lit,Normal,Vehicle with vehicle collision,1,1,Going straight,3,Distance & Priority Violation,Fatal injury,0.6931471805599453,0.6931471805599453
11:15:00,Friday,Lansia,Male,Junior high school,Employee,Above 10yr,Private Vehicle,Owner,Above 10yr,No defect,Residential areas,Other,Tangent road with flat terrain,Y Shape,Gravel roads,Wet or damp,Daylight,Raining,Fall from vehicles,2,1,Going straight,3,Unsafe Lane Change,Slight Injury,1.0986122886681096,0.6931471805599453
11:15:00,Friday,Dewasa,Male,Junior high school,Employee,Above 10yr,Commercial Vehicle,Owner,Above 10yr,No defect,Other,One Way,Steep grade downward with mountainous terrain,Y Shape,Gravel roads,Wet or damp,Daylight,Raining,Vehicle with vehicle collision,2,1,Going straight,3,Unsafe Lane Change,Slight Injury,1.0986122886681096,0.6931471805599453
11:15:00,Friday,Dewasa,Male,Elementary school,Owner,2-5yr,Commercial Vehicle,Owner,Above 10yr,No defect,Residential areas,Other,Tangent road with flat terrain,Y Shape,Asphalt roads,Snow,Darkness - lights lit,Other,Collision with roadside objects,2,1,Going straight,3,Moving Backward,Slight Injury,1.0986122886681096,0.6931471805599453
16:36:00,Thursday,Dewasa,Male,Elementary school,Employee,5-10yr,Commercial Vehicle,Owner,5-10yrs,No defect,Residential areas,Other,Tangent road with flat terrain,Y Shape,Asphalt roads,Snow,Darkness - lights lit,Other,Vehicle with vehicle collision,2,1,Going straight,3,Reckless Driving,Slight Injury,1.0986122886681096,0.6931471805599453
16:36:00,Thursday,Dewasa,Male,Junior high school,Owner,1-2yr,Public Transport,Owner,,No defect,Residential areas,Other,Tangent road with flat terrain,Y Shape,Earth roads,Dry,Daylight,Normal,Vehicle with vehicle collision,3,1,Going straight,3,DUI (Drugs/Alcohol),Slight Injury,1.3862943611198906,0.6931471805599453
13:28:00,Monday,Dewasa,Male,Elementary school,Employee,Above 10yr,Private Vehicle,Owner,1-2yr,No defect,Other,Other,Tangent road with flat terrain,Y Shape,Asphalt roads,Dry,Daylight,Normal,Vehicle with vehicle collision,3,1,Going straight,3,Distance & Priority Violation,Slight Injury,1.3862943611198906,0.6931471805599453
13:28:00,Monday,Dewasa,Male,Junior high school,Employee,5-10yr,Other,Owner,5-10yrs,No defect,Other,Other,Tangent road with flat terrain,Y Shape,Asphalt roads,Dry,Daylight,Normal,Collision with pedestrians,3,1,Moving Backward,3,Distance & Priority Violation,Slight Injury,1.3862943611198906,0.6931471805599453
19:28:00,Friday,Dewasa,Male,Junior high school,Employee,2-5yr,Other,Owner,5-10yrs,No defect,Other,One Way,Tangent road with flat terrain,Y Shape,Asphalt roads,Dry,Darkness - lights lit,Normal,Vehicle with vehicle collision,2,1,Going straight,3,Distance & Priority Violation,Slight Injury,1.0986122886681096,0.6931471805599453
19:28:00,Friday,Dewasa,Male,Elementary school,Employee,Above 10yr,Other,Owner,1-2yr,No defect, Hospital areas,Other,Tangent road with flat terrain,Y Shape,Asphalt roads,Dry,Darkness - lights lit,Normal,Vehicle with vehicle collision,2,1,Going straight,3,Unsafe Driving,Slight Injury,1.0986122886681096,0.6931471805599453
23:35:00,Saturday,Remaja,Male,Junior high school,Employee,2-5yr,Private Vehicle,Owner,2-5yrs,No defect,Residential areas,Other,Tangent road with flat terrain,Y Shape,Earth roads,Dry,Daylight,Normal,Vehicle with vehicle collision,2,1,Going straight,3,Distance & Priority Violation,Slight Injury,1.0986122886681096,0.6931471805599453
23:35:00,Saturday,Remaja,Male,Elementary school,Employee,Above 10yr,Other,Owner,5-10yrs,No defect,Residential areas,One Way,Tangent road with flat terrain,Y Shape,Asphalt roads,Dry,Daylight,Normal,Rollover,2,1,,3,Distance & Priority Violation,Slight Injury,1.0986122886681096,0.6931471805599453
23:35:00,Saturday,Remaja,Male,Junior high school,Employee,Above 10yr,Commercial Vehicle,Owner,5-10yrs,No defect,Residential areas,Other,Tangent road with flat terrain,Y Shape,Asphalt roads,Dry,Daylight,Normal,Collision with roadside objects,1,1,Turnover,3,Distance & Priority Violation,Serious Injury,0.6931471805599453,0.6931471805599453
9:01:00,Wednesday,Dewasa,Male,Junior high school,Employee,2-5yr,Public Transport,Owner,1-2yr,No defect,Other,Other,Tangent road with flat terrain,Y Shape,Asphalt roads,Wet or damp,Daylight,Normal,Vehicle with vehicle collision,2,1,Going straight,3,Distance & Priority Violation,Slight Injury,1.0986122886681096,0.6931471805599453
15:46:00,Thursday,Dewasa,Male,Junior high school,Employee,Above 10yr,Commercial Vehicle,Owner,1-2yr,No defect,Office areas,Other,Tangent road with flat terrain,Y Shape,Asphalt roads,Wet or damp,Daylight,Normal,Vehicle with vehicle collision,2,1,Going straight,3,Moving Backward,Slight Injury,1.0986122886681096,0.6931471805599453
15:46:00,Thursday,Dewasa,Male,Junior high school,Employee,Above 10yr,Public Transport,Owner,2-5yrs,No defect,Other,Other,Tangent road with flat terrain,Y Shape,Asphalt roads,Dry,Darkness - lights lit,Normal,Collision with roadside objects,1,1,Going straight,3,Unsafe Lane Change,Serious Injury,0.6931471805599453,0.6931471805599453
20:10:00,Saturday,Remaja,Male,Junior high school,Employee,Below 1yr,Commercial Vehicle,Owner,Unknown,No defect,Office areas,Divided Road (Median),Tangent road with flat terrain,Y Shape,Asphalt roads,Wet or damp,Darkness - lights lit,Normal,Vehicle with vehicle collision,1,1,Going straight,2,Reckless Driving,Slight Injury,0.6931471805599453,0.6931471805599453
21:46:00,Wednesday,Dewasa,Female,Junior high school,Owner,Above 10yr,Other,Owner,Unknown,No defect,Residential areas,Other,Tangent road with flat terrain,Y Shape,Asphalt roads,Dry,Daylight,Normal,Vehicle with vehicle collision,1,2,Going straight,3,Unsafe Lane Change,Slight Injury,0.6931471805599453,1.0986122886681096
21:46:00,Wednesday,Dewasa,Male,High school,Other,Above 10yr,Commercial Vehicle,Owner,Unknown,No defect,Office areas,Divided Road (Median),Gentle horizontal curve,Y Shape,Asphalt roads,Dry,Daylight,Normal,Vehicle with vehicle collision,1,2,Going straight,3,Distance & Priority Violation,Slight Injury,0.6931471805599453,1.0986122886681096
21:20:00,Saturday,Remaja,Male,Junior high school,Employee,5-10yr,,Owner,,No defect,Office areas,Divided Road (Median),Tangent road with flat terrain,Y Shape,Asphalt roads,Wet or damp,Daylight,Normal,Rollover,1,1,Going straight,3,Unsafe Lane Change,Serious Injury,0.6931471805599453,0.6931471805599453
21:20:00,Saturday,Remaja,Male,Elementary school,,,Public Transport,Organization,Unknown,No defect,Other,Divided Road (Median),Tangent road with flat terrain,Y Shape,Asphalt roads,Dry,Darkness - lights lit,Unknown,Rollover,1,2,Going straight,3,DUI (Drugs/Alcohol),Serious Injury,0.6931471805599453,1.0986122886681096
5:49:00,Tuesday,Remaja,Male,Junior high school,Employee,5-10yr,Commercial Vehicle,Owner,Unknown,No defect,Office areas,Other,Tangent road with flat terrain,Y Shape,Earth roads,Dry,Darkness - lights lit,Unknown,Collision with pedestrians,1,2,Going straight,2,Distance & Priority Violation,Serious Injury,0.6931471805599453,1.0986122886681096
5:49:00,Tuesday,Remaja,Male,Junior high school,Employee,5-10yr,Other,Owner,Unknown,No defect,Office areas,Other,Tangent road with flat terrain,Y Shape,Asphalt roads,Dry,Daylight,Normal,Vehicle with vehicle collision,1,1,Turnover,3,Reckless Driving,Slight Injury,0.6931471805599453,0.6931471805599453
5:49:00,Tuesday,Dewasa,Male,Junior high school,Owner,Below 1yr,Other,Governmental,Unknown,,Office areas,One Way,Tangent road with flat terrain,Y Shape,Asphalt roads,Wet or damp,Darkness - lights lit,Normal,Vehicle with vehicle collision,2,1,,3,Distance & Priority Violation,Slight Injury,1.0986122886681096,0.6931471805599453
9:35:00,Monday,Dewasa,Male,Junior high school,Employee,5-10yr,Private Vehicle,Owner,Unknown,,Other,Other,Tangent road with flat terrain,Y Shape,Asphalt roads,Wet or damp,Darkness - lights lit,Normal,Vehicle with vehicle collision,2,1,Reversing,3,Unsafe Lane Change,Slight Injury,1.0986122886681096,0.6931471805599453
9:35:00,Monday,Dewasa,Male,Elementary school,Employee,2-5yr,Commercial Vehicle,Owner,Unknown,,Residential areas,Other,Tangent road with flat terrain,Y Shape,Asphalt roads,Wet or damp,Daylight,Normal,Collision with pedestrians,1,1,Other,3,Distance & Priority Violation,Slight Injury,0.6931471805599453,0.6931471805599453
18:39:00,Wednesday,Unknwon,Male,Junior high school,Owner,2-5yr,Commercial Vehicle,Owner,2-5yrs,No defect,Residential areas,Other,Gentle horizontal curve,Y Shape,Earth roads,Dry,Daylight,Normal,Collision with pedestrians,1,1,Going straight,3,Unsafe Lane Change,Serious Injury,0.6931471805599453,0.6931471805599453
18:39:00,Wednesday,Remaja,Male,Elementary school,Employee,2-5yr,Private Vehicle,Owner,5-10yrs,, Church areas,Other,Tangent road with flat terrain,Y Shape,Asphalt roads,Dry,Darkness - lights lit,Normal,Vehicle with vehicle collision,1,1,Going straight,3,Unsafe Lane Change,Serious Injury,0.6931471805599453,0.6931471805599453
16:00:00,Wednesday,Lansia,Male,Junior high school,Owner,2-5yr,,Owner,5-10yrs,,Other,Other,Tangent road with flat terrain,Y Shape,Asphalt roads,Dry,Daylight,Normal,Vehicle with vehicle collision,3,2,Turnover,3,Distance & Priority Violation,Fatal injury,1.3862943611198906,1.0986122886681096
16:00:00,Wednesday,Dewasa,Male,Junior high school,Employee,Above 10yr,Other,Owner,Unknown,,Residential areas,Other,Tangent road with flat terrain,Y Shape,Asphalt roads,Dry,Daylight,Normal,Vehicle with vehicle collision,3,2,Other,3,Distance & Priority Violation,Fatal injury,1.3862943611198906,1.0986122886681096
13:09:00,Tuesday,Dewasa,Male,Junior high school,Employee,2-5yr,Private Vehicle,Owner,2-5yrs,,Other,Other,Tangent road with flat terrain,Y Shape,Asphalt roads,Dry,Daylight,Normal,Collision with roadside objects,3,2,Going straight,3,Reckless Driving,Fatal injury,1.3862943611198906,1.0986122886681096
13:09:00,Tuesday,Lansia,Male,Junior high school,Employee,1-2yr,Private Vehicle,Owner,2-5yrs,,Residential areas,Other,Tangent road with flat terrain,Y Shape,Asphalt roads,Dry,Daylight,Normal,Vehicle with vehicle collision,3,2,Going straight,3,Distance & Priority Violation,Fatal injury,1.3862943611198906,1.0986122886681096
20:30:00,Friday,Unknwon,Male,Junior high school,Employee,2-5yr,Other,Owner,2-5yrs,,Residential areas,Other,Tangent road with flat terrain,Y Shape,Asphalt roads,Dry,Daylight,Normal,Collision with roadside objects,1,1,Other,3,Reckless Driving,Slight Injury,0.6931471805599453,0.6931471805599453
20:30:00,Friday,Remaja,Male,Junior high school,Employee,1-2yr,,Owner,5-10yrs,No defect,Other,Other,Tangent road with flat terrain,Y Shape,Asphalt roads,Dry,Daylight,Normal,Vehicle with vehicle collision,2,1,Going straight,3,Reckless Driving,Serious Injury,1.0986122886681096,0.6931471805599453
19:00:00,Friday,Lansia,Male,Junior high school,Employee,5-10yr,Non-Motorized,,,,Other,Other,Tangent road with flat terrain,Y Shape,Asphalt roads,Dry,Daylight,Normal,Vehicle with vehicle collision,2,1,Turnover,3,Moving Backward,Serious Injury,1.0986122886681096,0.6931471805599453
12:40:00,Saturday,Unknwon,Male,Junior high school,Employee,5-10yr,,Owner,Unknown,No defect,Other,Other,Tangent road with flat terrain,Y Shape,Other,Dry,Daylight,Normal,Collision with roadside objects,3,1,Going straight,3,Reckless Driving,Slight Injury,1.3862943611198906,0.6931471805599453
18:12:00,Wednesday,Dewasa,Male,Elementary school,Owner,2-5yr,Other,Owner,Unknown,No defect,Other,Divided Road (Median),Tangent road with flat terrain,Y Shape,Asphalt roads,Dry,Daylight,Normal,Vehicle with vehicle collision,3,1,Turnover,3,Distance & Priority Violation,Slight Injury,1.3862943611198906,0.6931471805599453
18:12:00,Wednesday,Dewasa,Male,Elementary school,Employee,Below 1yr,Commercial Vehicle,Owner,Unknown,,Residential areas,Other,Tangent road with flat terrain,Y Shape,Asphalt roads,Dry,Daylight,Normal,Vehicle with vehicle collision,3,1,Going straight,3,Distance & Priority Violation,Slight Injury,1.3862943611198906,0.6931471805599453
18:12:00,Wednesday,Dewasa,Male,,,,Commercial Vehicle,Owner,2-5yrs,,  Recreational areas,Other,Tangent road with flat terrain,Y Shape,Asphalt roads,Dry,Daylight,Normal,Collision with roadside objects,2,1,Moving Backward,3,Moving Backward,Slight Injury,1.0986122886681096,0.6931471805599453
18:12:00,Wednesday,Dewasa,Male,Junior high school,Employee,Above 10yr,Commercial Vehicle,Owner,,,Other,Other,Tangent road with flat terrain,Y Shape,Asphalt roads,Dry,Daylight,Normal,Collision with roadside objects,2,1,,3,Reckless Driving,Slight Injury,1.0986122886681096,0.6931471805599453
7:50:00,Wednesday,Dewasa,Male,High school,Employee,1-2yr,Private Vehicle,Owner,,,Office areas,Other,Tangent road with flat terrain,Y Shape,Asphalt roads,Dry,Daylight,Normal,Vehicle with vehicle collision,4,1,Going straight,3,Unsafe Lane Change,Slight Injury,1.6094379124341003,0.6931471805599453
7:50:00,Wednesday,Dewasa,Male,Junior high school,Owner,5-10yr,Commercial Vehicle,,,,Other,Other,Tangent road with flat terrain,Y Shape,Asphalt roads,Dry,Daylight,Normal,Vehicle with vehicle collision,4,1,Going straight,3,Unsafe Lane Change,Slight Injury,1.6094379124341003,0.6931471805599453
10:16:00,Thursday,Remaja,Male,Junior high school,Employee,1-2yr,Private Vehicle,Owner,Unknown,,Office areas,Other,Tangent road with flat terrain,Y Shape,Asphalt roads,Dry,Daylight,Normal,Vehicle with vehicle collision,4,1,Reversing,3,Reckless Driving,Slight Injury,1.6094379124341003,0.6931471805599453
10:16:00,Thursday,Lansia,Male,Junior high school,Employee,Above 10yr,Private Vehicle,Owner,Unknown,,Office areas,One Way,Tangent road with flat terrain,Y Shape,Earth roads,Dry,Daylight,Normal,Vehicle with vehicle collision,4,1,Reversing,3,Overloading & Overcapacity,Slight Injury,1.6094379124341003,0.6931471805599453
23:05:00,Saturday,Lansia,Female,Junior high school,Employee,Below 1yr,Commercial Vehicle,Owner,Unknown,,Office areas,Other,Tangent road with flat terrain,Y Shape,Asphalt roads,Dry,Daylight,Normal,Vehicle with vehicle collision,2,1,Reversing,3,Other/Unknown,Slight Injury,1.0986122886681096,0.6931471805599453
0:47:00,Sunday,Dewasa,Male,Elementary school,Employee,2-5yr,Public Transport,Owner,Unknown,No defect,Other,Other,Tangent road with flat terrain,Y Shape,Asphalt roads,Dry,Daylight,Normal,Vehicle with vehicle collision,2,1,Going straight,3,Distance & Priority Violation,Slight Injury,1.0986122886681096,0.6931471805599453
0:47:00,Sunday,Dewasa,Male,Junior high school,Employee,5-10yr,,Governmental,Unknown,,Other,Divided Road (Median),Tangent road with flat terrain,Y Shape,Asphalt roads,Wet or damp,Daylight,Normal,Vehicle with vehicle collision,1,1,Going straight,3,Unsafe Lane Change,Slight Injury,0.6931471805599453,0.6931471805599453
10:30:00,Monday,Dewasa,Male,Elementary school,Employee,5-10yr,Private Vehicle,Owner,Unknown,No defect,Office areas,Other,Tangent road with flat terrain,Y Shape,Asphalt roads,Dry,Darkness - no lighting,Normal,Vehicle with vehicle collision,3,2,Going straight,3,Moving Backward,Slight Injury,1.3862943611198906,1.0986122886681096
10:30:00,Monday,Dewasa,Male,Junior high school,Owner,1-2yr,,Owner,Unknown,,Residential areas,Other,Tangent road with flat terrain,Y Shape,Asphalt roads,Dry,Darkness - no lighting,Normal,Vehicle with vehicle collision,3,2,Going straight,3,Unsafe Lane Change,Slight Injury,1.3862943611198906,1.0986122886681096
13:01:00,Saturday,Dewasa,Male,Junior high school,Employee,5-10yr,Commercial Vehicle,Governmental,2-5yrs,,  Recreational areas,Other,Tangent road with flat terrain,Y Shape,Asphalt roads,Dry,Darkness - no lighting,Normal,Vehicle with vehicle collision,3,2,Moving Backward,3,Distance & Priority Violation,Slight Injury,1.3862943611198906,1.0986122886681096
13:01:00,Saturday,Lansia,Male,Unknown,Other,,Public Transport,Owner,1-2yr,No defect,Other,Other,Tangent road with flat terrain,Y Shape,Asphalt roads,Dry,Darkness - no lighting,Normal,Vehicle with vehicle collision,3,2,Going straight,3,Distance & Priority Violation,Slight Injury,1.3862943611198906,1.0986122886681096
13:01:00,Saturday,Lansia,Male,High school,Employee,2-5yr,Commercial Vehicle,Owner,Above 10yr,No defect,Residential areas,Other,Tangent road with flat terrain,Y Shape,Asphalt roads,Dry,Daylight,Normal,Vehicle with vehicle collision,2,1,Moving Backward,3,Distance & Priority Violation,Slight Injury,1.0986122886681096,0.6931471805599453
17:41:00,Monday,Dewasa,Male,Junior high school,Employee,1-2yr,,Owner,Unknown,No defect,Other,Other,Tangent road with flat terrain,Y Shape,Asphalt roads,Dry,Daylight,Normal,Vehicle with vehicle collision,2,1,Moving Backward,3,Distance & Priority Violation,Slight Injury,1.0986122886681096,0.6931471805599453
17:41:00,Monday,Dewasa,Male,Junior high school,Employee,5-10yr,Other,Owner,Unknown,,Other,Other,Tangent road with flat terrain,Y Shape,Asphalt roads,Dry,Daylight,Other,Vehicle with vehicle collision,2,1,Going straight,3,Distance & Priority Violation,Slight Injury,1.0986122886681096,0.6931471805599453
17:41:00,Monday,Dewasa,Male,Junior high school,Employee,2-5yr,Commercial Vehicle,Owner,5-10yrs,,Other,One Way,Tangent road with flat terrain,Y Shape,Asphalt roads,Dry,Daylight,Other,Vehicle with vehicle collision,2,1,Other,3,Moving Backward,Slight Injury,1.0986122886681096,0.6931471805599453
17:41:00,Monday,Dewasa,Male,Junior high school,Employee,No Licence,Private Vehicle,Owner,Unknown,No defect,Other,Other,Tangent road with flat terrain,Y Shape,Asphalt roads,Wet or damp,Darkness - lights lit,Normal,Vehicle with vehicle collision,1,2,Going straight,2,Unsafe Lane Change,Slight Injury,0.6931471805599453,1.0986122886681096
17:25:00,Friday,Dewasa,Male,Junior high school,Employee,Above 10yr,Commercial Vehicle,Owner,2-5yrs,No defect,Other,Other,Tangent road with flat terrain,Y Shape,Asphalt roads,Wet or damp,Darkness - lights lit,Normal,Vehicle with vehicle collision,1,2,Other,3,Distance & Priority Violation,Slight Injury,0.6931471805599453,1.0986122886681096
17:25:00,Friday,Remaja,Male,Junior high school,Employee,Above 10yr,Commercial Vehicle,Owner,Unknown,No defect,School areas,Other,Tangent road with flat terrain,Y Shape,Asphalt roads,Dry,Darkness - lights lit,Normal,Vehicle with vehicle collision,1,4,Going straight,3,Moving Backward,Fatal injury,0.6931471805599453,1.6094379124341003
17:25:00,Friday,Dewasa,Male,Junior high school,Employee,5-10yr,Commercial Vehicle,Owner,,No defect,Office areas,Other,Tangent road with flat terrain,Y Shape,Asphalt roads,Dry,Darkness - lights lit,Normal,Collision with roadside objects,1,4,Reversing,3,Improper Parking/Exit,Fatal injury,0.6931471805599453,1.6094379124341003
17:25:00,Friday,Dewasa,Male,High school,Employee,2-5yr,Commercial Vehicle,Owner,Unknown,No defect,Office areas,Other,Tangent road with flat terrain,Y Shape,Earth roads,Dry,Darkness - lights lit,Normal,Vehicle with vehicle collision,1,4,,3,Reckless Driving,Fatal injury,0.6931471805599453,1.6094379124341003
17:25:00,Friday,Dewasa,Male,High school,Owner,2-5yr,Public Transport,Owner,5-10yrs,No defect,Office areas,Other,Tangent road with flat terrain,Y Shape,Asphalt roads,Dry,Darkness - lights lit,Normal,Collision with pedestrians,1,4,Going straight,3,Overloading & Overcapacity,Fatal injury,0.6931471805599453,1.6094379124341003
11:10:00,Sunday,Dewasa,Male,Junior high school,Employee,Below 1yr,Public Transport,Owner,Unknown,No defect,School areas,Other,Tangent road with flat terrain,Y Shape,,Wet or damp,Darkness - lights lit,Raining,Vehicle with vehicle collision,2,1,Going straight,3,Unsafe Lane Change,Slight Injury,1.0986122886681096,0.6931471805599453
11:10:00,Sunday,Dewasa,Male,Junior high school,Owner,Above 10yr,Private Vehicle,Governmental,,No defect,School areas,Other,Tangent road with flat terrain,Y Shape,Asphalt roads,Wet or damp,Darkness - lights lit,Raining,Collision with roadside objects,2,1,Going straight,3,Improper Parking/Exit,Slight Injury,1.0986122886681096,0.6931471805599453
11:10:00,Sunday,Dewasa,Male,Junior high school,Employee,Above 10yr,Private Vehicle,Owner,,No defect,Office areas,Other,Tangent road with flat terrain,Y Shape,Asphalt roads,Dry,Daylight,Normal,Vehicle with vehicle collision,2,1,Going straight,3,Other/Unknown,Slight Injury,1.0986122886681096,0.6931471805599453
3:15:00,Saturday,Dewasa,Male,Elementary school,Employee,2-5yr,Private Vehicle,Owner,,No defect,Office areas,Other,Tangent road with flat terrain,Y Shape,Asphalt roads,Dry,Daylight,Normal,Vehicle with vehicle collision,2,1,Going straight,3,Unsafe Lane Change,Slight Injury,1.0986122886681096,0.6931471805599453
3:15:00,Saturday,Dewasa,Male,Junior high school,Employee,2-5yr,Other,Governmental,Above 10yr,No defect,School areas,Other,Tangent road with flat terrain,Y Shape,Asphalt roads,Dry,Daylight,Normal,Vehicle with vehicle collision,3,1,Going straight,3,Unsafe Lane Change,Slight Injury,1.3862943611198906,0.6931471805599453
17:00:00,Tuesday,Dewasa,Male,Unknown,Employee,Above 10yr,Public Transport,Owner,1-2yr,No defect,,Other,Tangent road with flat terrain,Y Shape,Asphalt roads,Dry,Daylight,Normal,Vehicle with vehicle collision,3,1,Other,3,Distance & Priority Violation,Slight Injury,1.3862943611198906,0.6931471805599453
17:00:00,Tuesday,Remaja,Male,Elementary school,Employee,5-10yr,Private Vehicle,Owner,Above 10yr,No defect,Other,Other,Tangent road with flat terrain,Y Shape,Asphalt roads,Dry,Daylight,Normal,Vehicle with vehicle collision,3,1,Going straight,3,Speeding,Slight Injury,1.3862943611198906,0.6931471805599453
17:10:00,Friday,Dewasa,Male,Junior high school,Employee,Below 1yr,Private Vehicle,Owner,Below 1yr,No defect,Other,Other,Tangent road with flat terrain,Y Shape,Asphalt roads,Dry,Daylight,Normal,Rollover,2,1,Going straight,3,Unsafe Lane Change,Slight Injury,1.0986122886681096,0.6931471805599453
17:10:00,Friday,Remaja,Male,Elementary school,Employee,Below 1yr,Private Vehicle,Owner,Above 10yr,No defect,Other,Other,Tangent road with flat terrain,Y Shape,Asphalt roads,Dry,Daylight,Normal,Collision with roadside objects,2,1,Going straight,3,Distance & Priority Violation,Slight Injury,1.0986122886681096,0.6931471805599453
17:23:00,Tuesday,Dewasa,Male,Junior high school,Employee,Below 1yr,Private Vehicle,Owner,Unknown,No defect,Residential areas,Other,Tangent road with flat terrain,Y Shape,Asphalt roads,Dry,Daylight,Normal,Vehicle with vehicle collision,2,1,Going straight,3,Unsafe Lane Change,Slight Injury,1.0986122886681096,0.6931471805599453
17:23:00,Tuesday,Dewasa,Male,Junior high school,Employee,5-10yr,Private Vehicle,Governmental,1-2yr,No defect,Other,Other,Tangent road with flat terrain,Y Shape,Gravel roads,Dry,Daylight,Normal,Collision with roadside objects,2,1,Reversing,3,Distance & Priority Violation,Slight Injury,1.0986122886681096,0.6931471805599453
18:00:00,Sunday,Dewasa,Male,Junior high school,Owner,5-10yr,,Owner,1-2yr,No defect,Other,Other,Tangent road with flat terrain,Y Shape,Asphalt roads,Dry,Daylight,Normal,Vehicle with vehicle collision,1,1,Going straight,3,Distance & Priority Violation,Slight Injury,0.6931471805599453,0.6931471805599453
23:35:00,Wednesday,Dewasa,Male,High school,Owner,5-10yr,,Owner,,No defect, Industrial areas,Other,Tangent road with flat terrain,Y Shape,Asphalt roads,Dry,Daylight,Normal,Vehicle with vehicle collision,2,1,Going straight,3,Distance & Priority Violation,Serious Injury,1.0986122886681096,0.6931471805599453
23:35:00,Wednesday,Dewasa,Male,Junior high school,Employee,5-10yr,Commercial Vehicle,Owner,,No defect,  Recreational areas,Other,Tangent road with flat terrain,Y Shape,Asphalt roads,Dry,Daylight,Normal,Vehicle with vehicle collision,2,1,Other,3,Distance & Priority Violation,Serious Injury,1.0986122886681096,0.6931471805599453
14:59:00,Wednesday,Remaja,Male,Junior high school,Employee,2-5yr,Special Vehicle,Owner,Above 10yr,No defect, Church areas,Other,Tangent road with flat terrain,Y Shape,Asphalt roads,Dry,Daylight,Normal,Vehicle with vehicle collision,1,1,Going straight,3,Other/Unknown,Slight Injury,0.6931471805599453,0.6931471805599453
14:59:00,Wednesday,Remaja,Male,Elementary school,Employee,5-10yr,Commercial Vehicle,Owner,,,Office areas,Other,Tangent road with flat terrain,Y Shape,Asphalt roads,Dry,Darkness - lights lit,Normal,Vehicle with vehicle collision,2,1,Going straight,3,Reckless Driving,Slight Injury,1.0986122886681096,0.6931471805599453