Time,Day_of_week,Age_band_of_driver,Sex_of_driver,Educational_level,Vehicle_driver_relation,Driving_experience,Type_of_vehicle,Owner_of_vehicle,Service_year_of_vehicle,Defect_of_vehicle,Area_accident_occured,Lanes_or_Medians,Road_allignment,Types_of_Junction,Road_surface_type,Road_surface_conditions,Light_conditions,Weather_conditions,Type_of_collision,Number_of_vehicles_involved,Number_of_casualties,Vehicle_movement,Casualty_severity,Cause_of_accident,Accident_severity,Number_of_vehicles_involved_log,Number_of_casualties_log
17:45:00,Sunday,Dewasa,Male,Junior high school,Employee,2-5yr,Other,Owner,5-10yrs,,Office areas,Other,Tangent road with mountainous terrain and,Y Shape,Asphalt roads,Wet or damp,Darkness - lights lit,Raining,Vehicle with vehicle collision,2,1,Going straight,3,Unsafe Lane Change,Slight Injury,1.0986122886681096,0.6931471805599453
17:45:00,Sunday,Dewasa,Male,High school,Employee,1-2yr,Private Vehicle,,,,Office areas,Other,Tangent road with flat terrain,Y Shape,Asphalt roads,Wet or damp,Daylight,Normal,Vehicle with vehicle collision,2,1,Turnover,3,Distance & Priority Violation,Slight Injury,1.0986122886681096,0.6931471805599453
17:45:00,Sunday,Dewasa,Male,Junior high school,Employee,5-10yr,Other,Owner,5-10yrs,No defect,Other,Other,Tangent road with mild grade and flat terrain,Y Shape,Asphalt roads,Wet or damp,Daylight,Normal,Vehicle with vehicle collision,2,1,Going straight,3,Speeding,Slight Injury,1.0986122886681096,0.6931471805599453
17:45:00,Sunday,Dewasa,Male,Junior high school,Employee,Below 1yr,Private Vehicle,Owner,,No defect, Church areas,Other,Tangent road with flat terrain,Y Shape,Asphalt roads,Wet or damp,Daylight,Other,Vehicle with vehicle collision,1,1,Going straight,3,Unsafe Lane Change,Slight Injury,0.6931471805599453,0.6931471805599453
19:10:00,Friday,Dewasa,Male,Junior high school,Employee,Below 1yr,Public Transport,Owner,Unknown,No defect, Industrial areas,Other,Tangent road with flat terrain,Y Shape,Asphalt roads,Wet or damp,Daylight,Raining,Vehicle with vehicle collision,2,3,Going straight,3,Distance & Priority Violation,Slight Injury,1.0986122886681096,1.3862943611198906
10:13:00,Thursday,Dewasa,Male,Elementary school,Employee,,Commercial Vehicle,Owner,1-2yr,No defect,Office areas,Divided Road (Median),Tangent road with flat terrain,Y Shape,Asphalt roads,Wet or damp,Daylight,Raining,Vehicle with vehicle collision,2,3,Going straight,3,Unsafe Lane Change,Slight Injury,1.0986122886681096,1.3862943611198906
10:13:00,Thursday,Lansia,Male,Junior high school,Employee,Below 1yr,,Owner,Unknown,No defect, Church areas,Other,Tangent road with flat terrain,Y Shape,Asphalt roads,Wet or damp,Daylight,Raining,Vehicle with vehicle collision,2,3,Going straight,3,Distance & Priority Violation,Slight Injury,1.0986122886681096,1.3862943611198906
9:48:00,Friday,Remaja,Male,Junior high school,Employee,1-2yr,Private Vehicle,Owner,,,Office areas,Other,Tangent road with flat terrain,Y Shape,Asphalt roads,Dry,Daylight,Normal,Vehicle with vehicle collision,2,1,Moving Backward,3,Distance & Priority Violation,Slight Injury,1.0986122886681096,0.6931471805599453
9:48:00,Friday,Dewasa,Male,Elementary school,Employee,2-5yr,,Owner,,No defect,Office areas,Other,Tangent road with flat terrain,Y Shape,Gravel roads,Dry,Daylight,Normal,Vehicle with vehicle collision,2,1,Going straight,3,Distance & Priority Violation,Slight Injury,1.0986122886681096,0.6931471805599453
16:20:00,Monday,Dewasa,Male,High school,Employee,1-2yr,Commercial Vehicle,Owner,,,Residential areas,Other,Tangent road with flat terrain,Y Shape,Asphalt roads,Wet or damp,Darkness - no lighting,Raining,Vehicle with vehicle collision,2,1,Going straight,3,Distance & Priority Violation,Slight Injury,1.0986122886681096,0.6931471805599453
16:20:00,Monday,Dewasa,Male,Junior high school,Employee,5-10yr,,Owner,5-10yrs,,Office areas,Other,Tangent road with flat terrain,Y Shape,Asphalt roads,Wet or damp,Darkness - no lighting,Raining,Vehicle with vehicle collision,2,1,Turnover,3,Other/Unknown,Slight Injury,1.0986122886681096,0.6931471805599453
19:40:00,Thursday,Dewasa,Male,Junior high school,Employee,Below 1yr,Commercial Vehicle,Owner,5-10yrs,,Residential areas,Other,Tangent road with flat terrain,Y Shape,Asphalt roads,Wet or damp,Daylight,Normal,Vehicle with vehicle collision,2,1,Going straight,3,Reckless Driving,Serious Injury,1.0986122886681096,0.6931471805599453
16:53:00,Wednesday,Dewasa,Male,High school,Employee,Above 10yr,Public Transport,Owner,2-5yrs,,Office areas,Divided Road (Median),Tangent road with flat terrain,Y Shape,Other,Wet or damp,Daylight,Normal,Vehicle with vehicle collision,2,1,Going straight,2,Unsafe Lane Change,Serious Injury,1.0986122886681096,0.6931471805599453
12:55:00,Wednesday,Dewasa,Female,Elementary school,Owner,5-10yr,Commercial Vehicle,Owner,2-5yrs,No defect,Office areas,Divided Road (Median),Tangent road with flat terrain,Y Shape,Asphalt roads,Dry,Daylight,Normal,Vehicle with vehicle collision,2,1,Going straight,3,Reckless Driving,Slight Injury,1.0986122886681096,0.6931471805599453
19:32:00,Friday,Dewasa,Male,Elementary school,Employee,Below 1yr,Commercial Vehicle,,,No defect,Other,Other,Tangent road with flat terrain,Y Shape,Other,Dry,Daylight,Normal,Vehicle with vehicle collision,2,1,Going straight,3,Unsafe Lane Change,Slight Injury,1.0986122886681096,0.6931471805599453
19:32:00,Friday,Dewasa,Male,Junior high school,Employee,5-10yr,Other,Owner,Unknown,No defect,Other,Other,Tangent road with flat terrain,Y Shape,Asphalt roads,Wet or damp,Daylight,Normal,Collision with roadside objects,2,1,Going straight,3,Distance & Priority Violation,Slight Injury,1.0986122886681096,0.6931471805599453
17:35:00,Saturday,Dewasa,Female,Elementary school,Owner,5-10yr,Private Vehicle,Owner,Above 10yr,No defect,Residential areas,Other,Tangent road with flat terrain,Y Shape,Asphalt roads,Wet or damp,Daylight,Normal,Collision with roadside objects,2,1,Going straight,3,Distance & Priority Violation,Slight Injury,1.0986122886681096,0.6931471805599453
17:35:00,Saturday,Lansia,Male,Junior high school,Employee,2-5yr,Private Vehicle,Owner,Unknown,, Church areas,Other,Tangent road with flat terrain,Y Shape,Asphalt roads,Wet or damp,Darkness - lights lit,Normal,Vehicle with vehicle collision,2,1,Moving Backward,3,Unsafe Lane Change,Slight Injury,1.0986122886681096,0.6931471805599453
17:35:00,Saturday,Lansia,Male,Junior high school,Employee,Above 10yr,Commercial Vehicle,Governmental,Unknown,No defect, Church areas,Divided Road (Median),Tangent road with flat terrain,Y Shape,Asphalt roads,Wet or damp,Darkness - lights lit,Normal,Vehicle with vehicle collision,2,1,Going straight,3,Unsafe Lane Change,Slight Injury,1.0986122886681096,0.6931471805599453
18:40:00,Tuesday,Dewasa,Male,Junior high school,Employee,5-10yr,Commercial Vehicle,Owner,2-5yrs,No defect,Residential areas,Divided Road (Median),Tangent road with flat terrain,Y Shape,Asphalt roads,Wet or damp,Darkness - lights lit,Windy,Vehicle with vehicle collision,2,1,Going straight,3,Speeding,Slight Injury,1.0986122886681096,0.6931471805599453
18:40:00,Tuesday,Dewasa,Male,High school,Employee,1-2yr,Other,Owner,,No defect,Office areas,Other,Tangent road with mild grade and flat terrain,Y Shape,Asphalt roads,Wet or damp,Darkness - lights lit,Windy,Vehicle with vehicle collision,2,1,Going straight,3,Distance & Priority Violation,Slight Injury,1.0986122886681096,0.6931471805599453
15:47:00,Thursday,Dewasa,Male,High school,Employee,5-10yr,Private Vehicle,Owner,,No defect,  Recreational areas,Other,Tangent road with flat terrain,No junction,Asphalt roads,Wet or damp,Darkness - lights lit,Raining,Collision with roadside objects,2,1,Going straight,3,Unsafe Lane Change,Slight Injury,1.0986122886681096,0.6931471805599453
14:57:00,Sunday,Remaja,Female,High school,Owner,2-5yr,,Owner,,No defect, Church areas,Other,Tangent road with flat terrain,Crossing,Asphalt roads,Wet or damp,Darkness - lights lit,Raining,Vehicle with vehicle collision,2,1,Moving Backward,3,Unsafe Lane Change,Slight Injury,1.0986122886681096,0.6931471805599453
17:25:00,Friday,Dewasa,Male,Junior high school,Employee,5-10yr,Public Transport,Other,1-2yr,No defect,  Recreational areas,Other,Tangent road with flat terrain,Crossing,Asphalt roads,Wet or damp,Daylight,Raining,Collision with roadside objects,2,2,Going straight,3,Improper Parking/Exit,Slight Injury,1.0986122886681096,1.0986122886681096
17:25:00,Friday,Dewasa,Male,Elementary school,Employee,2-5yr,Commercial Vehicle,Owner,5-10yrs,No defect,School areas,Other,Tangent road with flat terrain,No junction,Asphalt roads,Wet or damp,Daylight,Raining,Collision with roadside objects,2,2,Other,3,Other/Unknown,Slight Injury,1.0986122886681096,1.0986122886681096
17:25:00,Friday,Dewasa,Male,Elementary school,Employee,5-10yr,Other,Owner,,No defect, Church areas,Divided Road (Median),Tangent road with flat terrain,No junction,Asphalt roads,Wet or damp,Daylight,Normal,Collision with pedestrians,1,1,Other,3,Other/Unknown,Serious Injury,0.6931471805599453,0.6931471805599453
17:22:00,Sunday,Lansia,Male,Junior high school,Employee,1-2yr,Private Vehicle,Owner,5-10yrs,,Office areas,Other,Tangent road with flat terrain,No junction,Asphalt roads,Wet or damp,Darkness - lights lit,Raining,Vehicle with vehicle collision,2,3,Going straight,3,Distance & Priority Violation,Serious Injury,1.0986122886681096,1.3862943611198906
17:22:00,Sunday,Remaja,Male,Junior high school,Employee,5-10yr,Public Transport,Owner,2-5yrs,,Residential areas,One Way,Steep grade downward with mountainous terrain,Y Shape,Asphalt roads,Wet or damp,Darkness - lights lit,Raining,Collision with roadside objects,2,3,Going straight,3,Distance & Priority Violation,Serious Injury,1.0986122886681096,1.3862943611198906
16:05:00,Monday,Dewasa,Male,,,,Private Vehicle,Owner,,No defect,Other,One Way,Tangent road with flat terrain,Y Shape,Asphalt roads,Wet or damp,Darkness - lights lit,Raining,Vehicle with vehicle collision,2,3,Going straight,2,Reckless Driving,Serious Injury,1.0986122886681096,1.3862943611198906
16:05:00,Monday,Dewasa,Male,Elementary school,Employee,Above 10yr,Private Vehicle,Owner,,No defect,Other,Other,Tangent road with flat terrain,Y Shape,Asphalt roads,Wet or damp,Darkness - lights lit,Raining,Vehicle with vehicle collision,2,3,Going straight,3,Distance & Priority Violation,Serious Injury,1.0986122886681096,1.3862943611198906
16:05:00,Monday,Dewasa,Male,Elementary school,Employee,Below 1yr,Commercial Vehicle,Governmental,1-2yr,No defect, Industrial areas,One Way,Tangent road with flat terrain,Crossing,Asphalt roads,Wet or damp,Darkness - lights lit,Windy,Vehicle with vehicle collision,1,1,Other,3,Distance & Priority Violation,Slight Injury,0.6931471805599453,0.6931471805599453
9:00:00,Thursday,Dewasa,Male,Junior high school,Employee,2-5yr,Other,Governmental,1-2yr,No defect, Church areas,Other,Steep grade downward with mountainous terrain,Y Shape,Asphalt roads,Dry,Daylight,Normal,Vehicle with vehicle collision,6,1,Going straight,3,Unsafe Lane Change,Slight Injury,1.9459101490553132,0.6931471805599453
9:00:00,Thursday,Dewasa,Male,Elementary school,Owner,1-2yr,Public Transport,Organization,1-2yr,No defect,Office areas,Other,Tangent road with flat terrain,Y Shape,Asphalt roads,Dry,Daylight,Normal,Vehicle with vehicle collision,6,1,Getting off,3,Reckless Driving,Slight Injury,1.9459101490553132,0.6931471805599453
8:55:00,Saturday,Dewasa,Male,Junior high school,Owner,5-10yr,Other,Owner,Unknown,No defect,Office areas,Other,Tangent road with flat terrain,Y Shape,Asphalt roads,Dry,Daylight,Normal,Vehicle with vehicle collision,6,1,Going straight,3,Unsafe Lane Change,Slight Injury,1.9459101490553132,0.6931471805599453
10:44:00,Friday,Dewasa,Male,Junior high school,Employee,2-5yr,Other,Owner,,,Office areas,Divided Road (Median),Tangent road with flat terrain,No junction,Asphalt roads,Dry,Daylight,Normal,Collision with roadside objects,6,1,Going straight,3,Reckless Driving,Slight Injury,1.9459101490553132,0.6931471805599453
16:18:00,Wednesday,Dewasa,Male,Junior high school,Employee,2-5yr,Non-Motorized,Owner,2-5yrs,,Other,Other,Tangent road with flat terrain,No junction,Asphalt roads,Dry,Daylight,Normal,Vehicle with vehicle collision,6,1,Going straight,3,Other/Unknown,Slight Injury,1.9459101490553132,0.6931471805599453
17:21:00,Thursday,Dewasa,Male,High school,Employee,2-5yr,Commercial Vehicle,Owner,,,Office areas,Other,Tangent road with flat terrain,No junction,Asphalt roads,Dry,Daylight,Normal,Collision with roadside objects,6,1,Going straight,3,Unsafe Driving,Slight Injury,1.9459101490553132,0.6931471805599453
17:21:00,Thursday,Dewasa,Male,Junior high school,Employee,Above 10yr,Commercial Vehicle,Owner,,No defect,Other,Divided Road (Median),Tangent road with flat terrain,No junction,Gravel roads,Wet or damp,Daylight,Raining,Vehicle with vehicle collision,2,2,Going straight,3,Speeding,Slight Injury,1.0986122886681096,1.0986122886681096
17:21:00,Thursday,Dewasa,Male,Junior high school,Employee,2-5yr,Commercial Vehicle,Owner,Above 10yr,No defect, Industrial areas,Other,Tangent road with flat terrain,No junction,Asphalt roads,Wet or damp,Daylight,Raining,Vehicle with vehicle collision,2,2,Going straight,3,Other/Unknown,Slight Injury,1.0986122886681096,1.0986122886681096
17:21:00,Thursday,Dewasa,Male,Junior high school,Employee,1-2yr,Commercial Vehicle,Owner,,No defect,Residential areas,Other,Tangent road with flat terrain,Y Shape,Asphalt roads,Wet or damp,Darkness - no lighting,Raining,Vehicle with vehicle collision,2,1,Moving Backward,3,Unsafe Lane Change,Slight Injury,1.0986122886681096,0.6931471805599453
15:40:00,Monday,Dewasa,Male,Junior high school,Employee,2-5yr,Private Vehicle,Owner,,No defect,Other,Other,Tangent road with flat terrain,Y Shape,Asphalt roads,Wet or damp,Darkness - no lighting,Raining,Collision with roadside objects,2,1,Going straight,3,Distance & Priority Violation,Slight Injury,1.0986122886681096,0.6931471805599453
15:40:00,Monday,Dewasa,Male,Junior high school,Employee,5-10yr,Private Vehicle,Owner,5-10yrs,,Other,One Way,Tangent road with flat terrain,Y Shape,Asphalt roads,Wet or damp,Darkness - lights lit,Normal,Collision with roadside objects,2,2,Other,3,Other/Unknown,Slight Injury,1.0986122886681096,1.0986122886681096
15:40:00,Monday,Dewasa,Male,Junior high school,Employee,1-2yr,Commercial Vehicle,Owner,1-2yr,No defect,Other,One Way,Tangent road with flat terrain,Y Shape,Asphalt roads,Wet or damp,Darkness - lights lit,Normal,Vehicle with vehicle collision,2,2,Going straight,2,Distance & Priority Violation,Slight Injury,1.0986122886681096,1.0986122886681096
15:40:00,Monday,Dewasa,Male,Elementary school,Employee,1-2yr,Private Vehicle,Owner,,,Other,Other,Tangent road with flat terrain,Y Shape,Asphalt roads,Wet or damp,Darkness - lights lit,Normal,Vehicle with vehicle collision,2,2,Going straight,3,Unsafe Lane Change,Slight Injury,1.0986122886681096,1.0986122886681096
16:46:00,Thursday,Dewasa,Male,Junior high school,Employee,2-5yr,Commercial Vehicle,,,,Other,Other,Tangent road with flat terrain,Y Shape,Asphalt roads,Wet or damp,Daylight,Normal,Vehicle with vehicle collision,2,2,Going straight,3,Distance & Priority Violation,Slight Injury,1.0986122886681096,1.0986122886681096
16:46:00,Thursday,Lansia,Male,Junior high school,Employee,Above 10yr,Private Vehicle,Governmental,Below 1yr,No defect,Residential areas,Other,Steep grade downward with mountainous terrain,Crossing,Asphalt roads,Wet or damp,Daylight,Normal,Vehicle with vehicle collision,2,2,Going straight,3,Reckless Driving,Slight Injury,1.0986122886681096,1.0986122886681096
16:46:00,Thursday,Dewasa,Male,Junior high school,Employee,Below 1yr,Private Vehicle,Owner,,No defect,Office areas,Other,Tangent road with flat terrain,Y Shape,Asphalt roads,Wet or damp,Daylight,Raining,Vehicle with vehicle collision,3,1,,3,Reckless Driving,Slight Injury,1.3862943611198906,0.6931471805599453
17:45:00,Sunday,Dewasa,Male,Junior high school,Employee,Above 10yr,Other,Owner,,,Office areas,Other,Tangent road with flat terrain,Y Shape,Asphalt roads,Wet or damp,Daylight,Raining,Vehicle with vehicle collision,3,1,Moving Backward,3,Distance & Priority Violation,Slight Injury,1.3862943611198906,0.6931471805599453
17:45:00,Sunday,Dewasa,Male,Elementary school,Owner,5-10yr,Other,Owner,Unknown,No defect,Other,Other,Tangent road with flat terrain,Crossing,Asphalt roads,Wet or damp,Daylight,Raining,Vehicle with vehicle collision,3,1,,3,Distance & Priority Violation,Slight Injury,1.3862943611198906,0.6931471805599453
11:45:00,Saturday,Unknwon,Male,Elementary school,Employee,Above 10yr,Public Transport,Owner,Above 10yr,No defect,Other,One Way,Tangent road with flat terrain,Crossing,Asphalt roads,Dry,Daylight,Normal,Collision with roadside objects,2,1,Going straight,3,Unsafe Lane Change,Serious Injury,1.0986122886681096,0.6931471805599453
11:45:00,Saturday,Lansia,Male,Junior high school,Employee,1-2yr,Private Vehicle,Owner,,No defect,Office areas,Other,Tangent road with flat terrain,Crossing,Asphalt roads,Dry,Daylight,Normal,Collision with roadside objects,2,1,Going straight,3,Reckless Driving,Serious Injury,1.0986122886681096,0.6931471805599453
11:45:00,Saturday,Dewasa,Male,,,,Commercial Vehicle,Owner,2-5yrs,,Office areas,Other,Tangent road with flat terrain,No junction,Asphalt roads,Dry,Daylight,Normal,Collision with roadside objects,2,1,,3,Unsafe Lane Change,Slight Injury,1.0986122886681096,0.6931471805599453
11:45:00,Saturday,Dewasa,Male,High school,Owner,5-10yr,Commercial Vehicle,Owner,,No defect,Other,Other,Tangent road with flat terrain,No junction,Gravel roads,Dry,Daylight,Normal,Vehicle with vehicle collision,2,1,Going straight,3,Unsafe Lane Change,Slight Injury,1.0986122886681096,0.6931471805599453
12:00:00,Saturday,Lansia,Male,Elementary school,Employee,2-5yr,Commercial Vehicle,Owner,,No defect,Other,Other,Tangent road with flat terrain,No junction,Asphalt roads,Wet or damp,Daylight,Raining,Vehicle with vehicle collision,2,3,Going straight,3,Unsafe Lane Change,Slight Injury,1.0986122886681096,1.3862943611198906
12:00:00,Saturday,Lansia,Male,,,,Commercial Vehicle,Governmental,Unknown,,Residential areas,Other,Tangent road with flat terrain,Crossing,Asphalt roads,Wet or damp,Daylight,Raining,Vehicle with vehicle collision,2,3,Going straight,3,Reckless Driving,Slight Injury,1.0986122886681096,1.3862943611198906
12:00:00,Saturday,Dewasa,Male,,,,Commercial Vehicle,Owner,1-2yr,No defect,Other,Other,Tangent road with flat terrain,No junction,Asphalt roads,Wet or damp,Daylight,Raining,Vehicle with vehicle collision,2,3,Going straight,3,Reckless Driving,Slight Injury,1.0986122886681096,1.3862943611198906
12:00:00,Saturday,Dewasa,Male,High school,Owner,1-2yr,Private Vehicle,Owner,,No defect,Office areas,Other,Tangent road with flat terrain,No junction,Asphalt roads,Wet or damp,Daylight,Normal,Collision with pedestrians,2,2,Going straight,3,Distance & Priority Violation,Slight Injury,1.0986122886681096,1.0986122886681096
7:50:00,Friday,Dewasa,Male,Junior high school,Employee,1-2yr,Public Transport,Owner,2-5yrs,No defect,Office areas,Other,Tangent road with flat terrain,No junction,Earth roads,Wet or damp,Daylight,Normal,Collision with pedestrians,2,2,Going straight,3,Reckless Driving,Slight Injury,1.0986122886681096,1.0986122886681096
7:50:00,Friday,Dewasa,Female,Junior high school,Employee,1-2yr,Other,,,,Other,Other,Tangent road with flat terrain,O Shape,Asphalt roads,Dry,Daylight,Normal,Vehicle with vehicle collision,2,1,Going straight,3,Unsafe Lane Change,Slight Injury,1.0986122886681096,0.6931471805599453
19:55:00,Sunday,Dewasa,Male,Junior high school,Employee,Above 10yr,Private Vehicle,Owner,Unknown,,Other,Other,Tangent road with flat terrain,O Shape,Asphalt roads,Dry,Daylight,Normal,Vehicle with vehicle collision,2,1,Other,3,Distance & Priority Violation,Slight Injury,1.0986122886681096,0.6931471805599453
19:55:00,Sunday,Dewasa,Male,Junior high school,Employee,1-2yr,Private Vehicle,Owner,Above 10yr,,Other,Other,Tangent road with flat terrain,Crossing,,Wet or damp,Darkness - lights lit,Raining,Vehicle with vehicle collision,1,1,Going straight,3,Unsafe Lane Change,Slight Injury,0.6931471805599453,0.6931471805599453
20:30:00,Sunday,Lansia,Male,High school,Owner,Above 10yr,Private Vehicle,Owner,,No defect,Office areas,Other,Tangent road with flat terrain,Crossing,Gravel roads,Wet or damp,Darkness - lights lit,Raining and Windy,Vehicle with vehicle collision,2,2,Going straight,3,Distance & Priority Violation,Slight Injury,1.0986122886681096,1.0986122886681096
20:30:00,Sunday,Lansia,Male,Junior high school,Employee,Above 10yr,Private Vehicle,Owner,Above 10yr,No defect,Office areas,Other,Tangent road with flat terrain,Crossing,Asphalt roads,Wet or damp,Darkness - lights lit,Raining and Windy,Vehicle with vehicle collision,2,2,Going straight,3,Moving Backward,Slight Injury,1.0986122886681096,1.0986122886681096
20:30:00,Sunday,Lansia,Male,Junior high school,Employee,1-2yr,Public Transport,Owner,,No defect,Other,Other,Steep grade downward with mountainous terrain,No junction,,Wet or damp,Darkness - lights lit,Raining and Windy,Vehicle with vehicle collision,2,2,Going straight,3,Moving Backward,Slight Injury,1.0986122886681096,1.0986122886681096
20:30:00,Sunday,Lansia,Male,Junior high school,Employee,1-2yr,Commercial Vehicle,Owner,Above 10yr,No defect, Church areas,Other,Tangent road with flat terrain,No junction,Asphalt roads,Dry,Darkness - lights lit,Normal,Vehicle with vehicle collision,2,3,Going straight,3,Distance & Priority Violation,Slight Injury,1.0986122886681096,1.3862943611198906
20:30:00,Sunday,Lansia,Male,High school,Employee,2-5yr,Commercial Vehicle,Governmental,,No defect, Industrial areas,Other,Tangent road with flat terrain,No junction,Earth roads,Dry,Darkness - lights lit,Normal,Vehicle with vehicle collision,2,3,Going straight,3,Distance & Priority Violation,Slight Injury,1.0986122886681096,1.3862943611198906
20:30:00,Sunday,Dewasa,Male,Junior high school,Employee,2-5yr,Commercial Vehicle,Organization,2-5yrs,,Other,Other,Tangent road with flat terrain,No junction,Asphalt roads,Dry,Darkness - lights lit,Normal,Vehicle with vehicle collision,2,3,Moving Backward,3,Distance & Priority Violation,Slight Injury,1.0986122886681096,1.3862943611198906
13:57:00,Wednesday,Lansia,Male,Junior high school,Employee,1-2yr,Private Vehicle,Owner,5-10yrs,No defect,Other,Other,Tangent road with flat terrain,Y Shape,Asphalt roads,Dry,Darkness - lights lit,Normal,Vehicle with vehicle collision,2,3,Going straight,3,Distance & Priority Violation,Slight Injury,1.0986122886681096,1.3862943611198906
13:57:00,Wednesday,Dewasa,Male,Elementary school,Employee,5-10yr,Other,Owner,1-2yr,,Office areas,Other,Tangent road with mountainous terrain and,Y Shape,Asphalt roads,Wet or damp,Darkness - lights lit,Raining,Collision with roadside objects,1,1,Going straight,3,Reckless Driving,Slight Injury,0.6931471805599453,0.6931471805599453
13:57:00,Wednesday,Unknwon,Male,Junior high school,Employee,5-10yr,Private Vehicle,Owner,Unknown,No defect,Other,One Way,Tangent road with flat terrain,Y Shape,Asphalt roads,Dry,Daylight,Normal,Rollover,2,1,Going straight,3,Unsafe Lane Change,Serious Injury,1.0986122886681096,0.6931471805599453
13:57:00,Wednesday,Unknwon,Male,Junior high school,Employee,1-2yr,Commercial Vehicle,Owner,Unknown,No defect,  Recreational areas,Other,Steep grade downward with mountainous terrain,Crossing,Asphalt roads,Dry,Daylight,Normal,Vehicle with vehicle collision,2,1,Going straight,3,Unsafe Lane Change,Serious Injury,1.0986122886681096,0.6931471805599453
13:45:00,Sunday,Remaja,Male,Elementary school,Other,5-10yr,Private Vehicle,Governmental,Unknown,No defect,Other,Other,Steep grade downward with mountainous terrain,Crossing,Earth roads,Dry,Daylight,Normal,Vehicle with vehicle collision,2,1,Going straight,3,Reckless Driving,Slight Injury,1.0986122886681096,0.6931471805599453
13:45:00,Sunday,Dewasa,Male,Junior high school,Employee,2-5yr,Private Vehicle,Governmental,5-10yrs,No defect, Church areas,Other,Tangent road with flat terrain,Crossing,Asphalt roads,Dry,Daylight,Normal,Vehicle with vehicle collision,2,1,Going straight,3,Reckless Driving,Slight Injury,1.0986122886681096,0.6931471805599453
7:44:00,Friday,Dewasa,Male,Elementary school,Employee,5-10yr,Commercial Vehicle,Owner,,,Residential areas,Other,Tangent road with flat terrain,Crossing,Asphalt roads,Wet or damp,Darkness - lights lit,Normal,Vehicle with vehicle collision,2,1,Going straight,3,Distance & Priority Violation,Slight Injury,1.0986122886681096,0.6931471805599453
7:44:00,Friday,Dewasa,Male,Junior high school,Employee,Above 10yr,Private Vehicle,Owner,5-10yrs,No defect,Office areas,Other,Tangent road with flat terrain,Other,Asphalt roads,Wet or damp,Darkness - lights lit,Normal,Vehicle with vehicle collision,2,1,Going straight,3,Other/Unknown,Slight Injury,1.0986122886681096,0.6931471805599453
15:35:00,Thursday,Dewasa,Male,Junior high school,Employee,Above 10yr,Private Vehicle,Owner,2-5yrs,No defect,Other,Other,Tangent road with flat terrain,Other,Asphalt roads,Dry,Darkness - lights lit,Normal,Collision with roadside objects,1,1,Going straight,3,Unsafe Lane Change,Slight Injury,0.6931471805599453,0.6931471805599453
20:00:00,Friday,Lansia,Male,Elementary school,Owner,2-5yr,Commercial Vehicle,Governmental,2-5yrs,,Office areas,Other,Tangent road with flat terrain,No junction,Asphalt roads,Dry,Darkness - lights lit,Normal,Collision with roadside objects,1,1,Going straight,3,Unsafe Lane Change,Slight Injury,0.6931471805599453,0.6931471805599453
20:00:00,Friday,Dewasa,Male,Elementary school,Employee,5-10yr,Public Transport,Owner,,,Office areas,Other,Tangent road with flat terrain,No junction,Asphalt roads,Dry,Daylight,Normal,Vehicle with vehicle collision,1,1,Going straight,3,Distance & Priority Violation,Slight Injury,0.6931471805599453,0.6931471805599453
20:00:00,Friday,Dewasa,Male,Junior high school,Owner,1-2yr,Private Vehicle,Owner,,No defect,Other,One Way,Escarpments,No junction,Asphalt roads,Wet or damp,Darkness - lights lit,Raining,Collision with roadside objects,2,2,Going straight,3,Distance & Priority Violation,Slight Injury,1.0986122886681096,1.0986122886681096
17:46:00,Thursday,Lansia,Male,Elementary school,Employee,Above 10yr,Commercial Vehicle,Owner,,No defect,Residential areas,Other,Tangent road with flat terrain,No junction,Asphalt roads,Wet or damp,Darkness - lights lit,Raining,Vehicle with vehicle collision,2,2,Other,3,Reckless Driving,Slight Injury,1.0986122886681096,1.0986122886681096
17:46:00,Thursday,Lansia,Male,Junior high school,Employee,5-10yr,Private Vehicle,Owner,,No defect,  Recreational areas,One Way,Tangent road with flat terrain,No junction,Asphalt roads,Wet or damp,Darkness - lights lit,Raining,Vehicle with vehicle collision,2,2,Going straight,3,Speeding,Slight Injury,1.0986122886681096,1.0986122886681096
17:46:00,Thursday,Dewasa,Male,Junior high school,Employee,2-5yr,Public Transport,Owner,,No defect, Church areas,Other,Tangent road with flat terrain,No junction,Asphalt roads,Wet or damp,Darkness - lights lit,Raining,Vehicle with vehicle collision,2,2,Going straight,3,Distance & Priority Violation,Slight Injury,1.0986122886681096,1.0986122886681096
14:20:00,Friday,Dewasa,Male,Elementary school,Employee,Above 10yr,Commercial Vehicle,Owner,,No defect,Other,One Way,Tangent road with flat terrain,Unknown,Asphalt roads,Wet or damp,Darkness - lights lit,Raining,Vehicle with vehicle collision,2,2,Going straight,3,Distance & Priority Violation,Slight Injury,1.0986122886681096,1.0986122886681096
12:15:00,Sunday,Dewasa,Male,Junior high school,Employee,2-5yr,Commercial Vehicle,Owner,,No defect,Other,Other,Tangent road with flat terrain,Unknown,Earth roads,Dry,Darkness - lights lit,Normal,Vehicle with vehicle collision,2,1,Going straight,3,Distance & Priority Violation,Slight Injury,1.0986122886681096,0.6931471805599453